avg_speed,max_speed,total_displacement,total_distance,stillness_ratio,pace_ratio,motion_variance,label
35.35697435427578,37.30020738830893,261.0574914872111,35.80438509482245,0.6289385450218336,8.02265768421712,85.064978040987,Restricted Area Intrusion
19.871224866368568,25.200175965626748,153.12809732605535,93.78019978904604,0.1117419248774916,0.0,65.95310358310982,Normal Movement
112.00566803821,127.15938527879518,457.6267335093752,828.4115154126074,0.0556116938102301,0.0,714.3012637648676,Running / Sudden Motion
5.359634743157622,6.546563543606012,32.90161551920565,37.01988948247522,0.9060854742137262,0.0,9.184801608002957,Loitering
146.04864853272434,221.73279773707355,556.1635960834252,508.2486348461691,0.0183734373773558,0.0,2538.226290735946,Running / Sudden Motion
117.90295756422512,181.6194994581113,167.00710939450235,840.4855920947402,0.0654313321716084,0.0,3701.020565786423,Running / Sudden Motion
0.8846365558494174,1.0189502239827974,21.063678027576195,18.482878084618385,0.7972568549077534,0.0,7.112953582559234,Loitering
55.803651925773536,109.3511106779942,237.7374467072836,209.88015944757493,0.3084980557415514,9.122809789062677,582.3260274890164,Restricted Area Intrusion
43.66832477960434,51.76203807061328,260.007719989535,368.1604733442885,0.0049210743554411,0.0,141.7522089341065,Normal Movement
93.17141185516128,124.37109835607929,242.23016795820143,453.8944514259233,0.1375773731186904,0.0,2860.1526523296625,Running / Sudden Motion
19.279308670347056,31.001146460419537,88.72769439999688,473.0947255342629,0.0549631720151208,0.0,288.0752713136333,Normal Movement
196.81992156700247,234.45091330241243,383.46772211538064,836.3001414649219,0.0240877987623016,0.0,723.1408605191616,Running / Sudden Motion
105.24480566728072,186.9563613676944,235.098144454882,799.4441009436292,0.0622774873340089,0.0,3373.466903145976,Running / Sudden Motion
10.77263688191905,13.827268515292188,24.8279408521808,65.74523552837812,0.8884804510078347,0.0,27.807403972002295,Loitering
32.366458115844665,40.06552187813804,149.04476735201007,343.31998298155287,0.155261533831226,0.0,110.1611840191527,Normal Movement
26.97138926797493,34.84417800551345,146.60763903993893,136.71600034361916,0.3775193472414845,0.0,126.59386146555012,Normal Movement
8.044796658339429,9.001465313105381,41.424847413395774,77.76023834286802,0.8107186334922228,0.0,63.59192651892537,Loitering
19.978326040299148,30.64883989367239,142.15722897128916,319.06906118088426,0.2360781531064504,0.0,256.33624659603595,Normal Movement
28.38665231631556,56.67210594927335,80.08024266102804,77.80676191442646,0.6479840062369873,2.038341591293351,880.4871204331113,Restricted Area Intrusion
70.52715503520938,122.31847100116612,141.04243927782522,162.4697123196403,0.5711217732483092,7.692072836089822,405.010057443807,Restricted Area Intrusion
7.208398361983773,8.144762986093236,12.074480318240344,24.880796643122896,0.7783534605212887,0.0,71.75195326756167,Loitering
36.27836994388043,60.8013111785912,153.30812845477405,362.0929222321997,0.0308591888762347,3.731338261615564,357.83441049483355,Restricted Area Intrusion
21.00123599840745,32.390617881243344,85.75268459058617,362.78714180373095,0.1338077951519725,1.9626096678873977,22.04100539687858,Restricted Area Intrusion
110.07621755872307,149.85451412139776,653.1632917864476,428.8923800102024,0.1158519774332848,0.0,4460.835113270621,Running / Sudden Motion
68.37376932951595,113.50343034811551,231.77061382641008,77.43055890929232,0.5361403558722223,2.473614946264904,494.086368278236,Restricted Area Intrusion
15.329150533185704,19.84535549305037,299.03137833762344,346.18330468909045,0.3927223790170142,0.0,189.9037358008328,Normal Movement
148.90385963602145,217.4651710409475,275.25784489654,895.4259831962588,0.0231157612707336,0.0,4805.911192961842,Running / Sudden Motion
3.653528337083352,5.000887772334904,43.96129284067829,66.09996995605839,0.9341209273844052,0.0,46.30266320888651,Loitering
5.461625433629626,6.779344841830231,46.20623244921077,45.86687403985154,0.7952922137142266,0.0,98.94399066997448,Loitering
22.407351791190816,25.352516603828835,207.9330004010329,496.7977369034516,0.3566709065019656,0.0,227.09632564251527,Normal Movement
9.930744069473436,13.062138693231022,46.99360446137951,77.09453875612847,0.8882393214828919,0.0,81.78159272441685,Loitering
3.14901469640392,4.244936304815712,12.857101857059805,71.89161513813625,0.8800094154484595,0.0,83.22834849108091,Loitering
14.769110649013946,16.599754392611086,3.797418295260374,47.14556927008833,0.7650749592335362,0.0,32.23387728080442,Loitering
12.280527415545215,16.816705070217182,48.02652319523524,25.290472151406203,0.9393270586466008,0.0,35.204053004342086,Loitering
144.89013873402797,211.1796586474324,627.674720889232,714.4479121443895,0.194802830089085,0.0,4509.416573875311,Running / Sudden Motion
45.99384957419639,67.74518268556605,191.87376852809095,421.16471751752016,0.2838233615792884,0.0,145.83754268854526,Normal Movement
26.895763096357424,39.06985600697031,168.6815209352504,122.53010220366438,0.4563723100983639,7.087701071929824,94.20888487406737,Restricted Area Intrusion
116.97355809239896,171.23004475772225,598.93294146155,837.5959443301206,0.1573557350422068,0.0,3164.240369728223,Running / Sudden Motion
205.3894679515764,242.63467474350196,370.8360454741519,625.0454130916969,0.1983540268505408,0.0,3101.124610053161,Running / Sudden Motion
46.86708992291858,57.300941313729126,181.6120947188313,280.93006895640474,0.0589703813942343,0.0,89.29461361673502,Normal Movement
37.86753101157938,54.629646800886746,173.25201474361683,261.15734846150883,0.3122324550106337,0.0,253.94907480233735,Normal Movement
55.010197602309646,105.68023713110756,91.91714361097944,347.0949342463418,0.2535909647977887,1.8698523206636133,806.6600290041549,Restricted Area Intrusion
48.14578919020799,68.45352058425702,133.26834821631817,392.98561396802455,0.0524620676738839,0.0,67.58926242407935,Normal Movement
14.386100071199788,19.47350838758522,49.39694644562123,77.84459872016512,0.9716184029835316,0.0,75.53715412253077,Loitering
46.043524910702295,80.79377503565222,110.01881062483662,296.1554542288318,0.6763268386856502,3.898728457679506,999.0688403876748,Restricted Area Intrusion
7.972570977641229,11.16427743485306,29.759048659455107,63.73162361922444,0.8794579473743506,0.0,69.11320145375286,Loitering
11.470863287126368,14.036804055113294,37.47574887691352,78.15532428696662,0.8113432886455147,0.0,64.25258878885333,Loitering
5.367150486230345,7.448540548085879,34.753169495748914,54.939027976715394,0.9402999960571212,0.0,27.71303123413937,Loitering
44.532106769737055,50.1125986260938,61.84614360375816,101.69632514604754,0.242370071059091,0.0,242.4297251492304,Normal Movement
61.21749969395989,93.33218561721792,41.4173218702651,120.53434549426709,0.6177666292885706,0.8580521092929759,739.3029727043041,Restricted Area Intrusion
8.678689030583854,15.84528772732078,299.2432374165683,316.77581789326945,0.5471735438451332,4.207979870382234,75.26217512550035,Restricted Area Intrusion
41.68304840173272,52.503027420435856,276.78705327787696,101.3500540183604,0.3925548405012007,0.0,146.01147291367494,Normal Movement
96.60427795081137,134.20925130786298,265.5036342967248,440.569756899337,0.0955861767912919,0.0,2448.1308524058686,Running / Sudden Motion
32.88862610497468,49.639687819969616,103.53788758624756,214.85596309297907,0.0772833289780522,0.0,39.95220894104439,Normal Movement
13.97483792839556,17.680961728730182,8.912300157554675,53.4460678187664,0.7171729479803705,0.0,6.353334829533641,Loitering
70.49618114414523,104.36851002519178,295.98533420885605,353.6827062422961,0.3573287657949855,1.1582321557975106,232.2471303631773,Restricted Area Intrusion
121.56040260727272,242.445463932072,267.035375622831,326.135921596265,0.1562609034559703,0.0,3231.5522600920094,Running / Sudden Motion
13.352945713838308,16.61776577282188,223.25760683101137,317.0541518343619,0.3958422678098796,2.922940787632533,526.5244755815554,Restricted Area Intrusion
180.83444361574476,223.91205797106568,521.8827891165838,384.4425050599324,0.0957760997869886,0.0,2075.917846163029,Running / Sudden Motion
55.21844079223224,77.20530162126532,171.45462503595525,291.05506072076133,0.1670973145451358,0.0,84.63797078599237,Normal Movement
91.67604280459904,117.869666179197,248.4761520312531,296.17751452069353,0.0294726533049491,0.0,3235.9452633990736,Running / Sudden Motion
13.651345111952985,14.886859082033784,19.642891930058337,53.533909105517466,0.7968805074833254,0.0,17.481894162471523,Loitering
34.236473634656754,47.194026780207125,30.11929432950065,124.0112940170853,0.488734021733492,3.9237168287558655,166.71592811702274,Restricted Area Intrusion
92.00262217101884,161.78987497468736,217.6195610211667,610.9457893441614,0.1011311779280431,0.0,3868.612970988236,Running / Sudden Motion
49.3790393814467,83.12121830950774,238.71493428632436,368.5683590219429,0.6643396139507021,6.486762270193164,966.29647539581,Restricted Area Intrusion
71.48921706440329,80.94075905448437,29.82410624824641,296.79011644360094,0.5934008878667401,5.38749674391015,544.5259916528499,Restricted Area Intrusion
11.202864347045482,12.89641878284226,28.07467666350932,17.6975211514588,0.936789827497015,0.0,81.72722192782777,Loitering
6.84210461825994,7.478948293804836,94.56403296287252,333.38899828522034,0.3686462569560401,4.532729961565507,665.5413145189635,Restricted Area Intrusion
51.33442226893268,92.35680422393888,160.7630993837961,251.3356194751385,0.0547285112118505,0.0,176.71285959067973,Normal Movement
58.115529059432106,91.11935068949968,392.16563148073374,528.8589552819881,0.1497462955420677,0.0,4836.352681271541,Running / Sudden Motion
90.28159285215452,175.01489684324895,591.4552108974688,545.0734482620674,0.1455908733344955,0.0,3903.091224117701,Running / Sudden Motion
15.218580199977556,24.511753870046704,382.6170774307026,397.7312800454704,0.1886560762497514,0.0,150.95312237265318,Normal Movement
113.32814917566994,157.50933685647018,263.27890075048083,483.68862136762175,0.1271352050944581,0.0,3136.371286768978,Running / Sudden Motion
106.4883800304566,185.6120417493824,615.5967788578546,605.3307676974848,0.0806097565340542,0.0,1699.2285640679988,Running / Sudden Motion
11.55913998957648,13.391961051677416,32.69865733584657,41.11103206390989,0.826105597830757,0.0,9.005503778215973,Loitering
52.09869942075718,91.06751942145456,128.45842847792318,470.4206245382331,0.0071443836700723,0.0,278.2391170850142,Normal Movement
42.54531685700655,45.095388554174185,279.2403684087526,51.470194980964536,0.2964711364257429,0.5054250358301362,788.2889343954121,Restricted Area Intrusion
4.009990716863586,5.237941132412357,3.5080049742604924,30.24552751741376,0.9314968914721512,0.0,25.92848009081554,Loitering
22.03310948824388,25.842767323494243,399.9202145508769,271.24789100626464,0.3490126996593993,0.0,149.8890413424432,Normal Movement
66.93108435793656,116.478086792282,185.6933013377096,192.37715110364525,0.5299926472891279,7.528649131054037,145.80655213490647,Restricted Area Intrusion
16.304977644201124,20.684162680341327,108.6274375566559,406.2425350907318,0.0792816908851591,0.0,274.0850858679567,Normal Movement
4.784543888739632,7.007982209616179,16.558912248106623,67.620830948971,0.9635662312915594,0.0,48.33350132161367,Loitering
80.43487296729472,141.1098623258858,253.79148893912884,831.0292798545121,0.1567787229631211,0.0,2115.7018953623246,Running / Sudden Motion
43.59697446602331,82.25363159723055,248.97223832415304,118.69715155341436,0.0090481686601951,6.480246125919486,846.4013255991448,Restricted Area Intrusion
74.71601439292054,97.88694629344614,220.637465919168,315.64930916198614,0.6829897219153788,0.6726765901051266,952.7148429720138,Restricted Area Intrusion
158.54217890391968,214.6065293002565,595.1432991600348,614.0341387492584,0.1594642494696973,0.0,4896.699004986523,Running / Sudden Motion
59.88257473055047,95.23793594471768,262.79297818035343,248.04532889618804,0.3869249067428733,2.7544982266511058,681.3308753721708,Restricted Area Intrusion
56.88200315425411,64.0124825938209,271.295858210661,272.24877839303247,0.0081044512816556,0.0,82.3689710222289,Normal Movement
37.62937216411589,54.70158672896167,258.09907876694274,245.94277177011412,0.3147565525800111,0.0,274.8145876006903,Normal Movement
53.78424707350175,84.81030841291687,230.3748392330415,298.6196141447785,0.0773683325928196,9.994928048863546,942.4708291842412,Restricted Area Intrusion
46.46375844578,56.27583184658064,227.5794253890859,277.7295345661699,0.3955227761859869,8.701693653199346,786.3999294096425,Restricted Area Intrusion
64.36794416113128,92.1654075764046,53.2181924271259,168.14496859295252,0.6538593000658056,9.516359666698106,770.1921568685576,Restricted Area Intrusion
16.987879632487257,23.458316234365583,170.13846743879628,478.43110945930925,0.2307443833990371,0.0,243.79537997897032,Normal Movement
26.73167016011751,32.27774543522759,143.75976220629713,433.6694637443407,0.1320805182390925,0.0,208.95446215671103,Normal Movement
49.70368854185743,82.31613818020429,76.75750456490277,306.1242929162114,0.1399744870437107,2.9986011425994348,313.7275826017945,Restricted Area Intrusion
76.7381278273041,108.43571929481764,136.2088845834383,69.31209648297187,0.0248128544998387,2.822791022278072,483.3473705301362,Restricted Area Intrusion
12.193580215436414,17.566274167336395,27.35081141031668,66.49138413647756,0.8289570836944433,0.0,47.45300891878909,Loitering
201.9160614222305,249.977735713262,445.5436444991549,378.34000288257766,0.0642610905770209,0.0,2867.603134849304,Running / Sudden Motion
78.06623972632477,143.99641889758854,202.1778201829192,175.01243768106855,0.4977772633396489,8.253836056168357,310.2668761376917,Restricted Area Intrusion
73.57921268754512,116.60825939506176,80.99648071950875,132.4077583230636,0.3146803562399842,3.5664117336772847,31.10076638059131,Restricted Area Intrusion
14.464861303272944,16.679862339149324,1.1764054911638675,24.117567785192787,0.7099217297851991,0.0,50.68269662175497,Loitering
10.020839785301233,11.568371876627529,0.7217401389511047,16.66966678131839,0.8241458800607958,0.0,31.040165903006866,Loitering
39.534220555018805,60.64316917084604,296.88648139334816,440.76582487124085,0.0489158148811274,0.0,278.5928369197104,Normal Movement
113.63272523861195,139.692861212371,330.3801094731883,844.6168304829146,0.0535933748913605,0.0,1205.238117328113,Running / Sudden Motion
24.261890685585342,43.25932028735458,134.35943689155584,296.6173840409815,0.3744707726560785,0.0,293.38589167516363,Normal Movement
5.728131182532352,7.894707846611876,28.866950153807466,58.976300130523,0.7122251376532711,0.0,73.13939117749419,Loitering
9.574305358688154,12.039400426515945,42.55184935960365,37.351970215363046,0.9369043699006564,0.0,79.93545750571388,Loitering
50.19950378705077,81.50356748347332,337.1248527143764,268.2610659316549,0.3282228330559443,0.0,79.81839065213815,Normal Movement
3.168314916569476,3.372019362349881,18.99991972569457,48.18662038027627,0.7759764364126819,0.0,61.082455046596976,Loitering
5.080434501311256,5.659805747921467,9.43894489318327,62.25584702994346,0.9830397676025988,0.0,14.017974220333173,Loitering
12.741927279662416,14.850211535524974,9.75715845679932,24.87659793542148,0.7455268043624297,0.0,44.71989649235352,Loitering
110.9406599832151,153.04460482941664,660.7886271880905,313.9677358235907,0.1100971206556676,0.0,1064.9608495920504,Running / Sudden Motion
212.50687966380423,240.00997134505525,488.941510381372,465.0460908811054,0.1666479081928104,0.0,1500.7678210758147,Running / Sudden Motion
62.57306415124632,77.74670455674638,220.47431062511055,37.55604785707053,0.5784803519658749,5.189376387360026,937.3722533863346,Restricted Area Intrusion
3.755648984847346,5.156701785732168,38.48750836753247,59.30804291131534,0.6585692045136636,0.0,70.37366196437685,Loitering
42.47349018962211,55.8670780289814,161.70254901661758,96.5999198498968,0.2913927467607726,0.0,22.52081526649652,Normal Movement
78.38612612489737,129.18191175686508,594.6747337399031,391.3377600344089,0.0005742622189625,0.0,2482.820370155779,Running / Sudden Motion
7.100415197961981,7.804916038810584,18.849690948526863,29.961864673632437,0.7447574889902994,0.0,56.74065746467731,Loitering
23.006061973326503,35.18033147352572,64.80240938212015,469.6207290307731,0.1058297111285046,0.0,21.472460433155625,Normal Movement
49.23164291604546,50.4263466246671,70.52130475695036,260.2173968554732,0.461658680483933,5.349039871652387,389.9105657670895,Restricted Area Intrusion
31.47611219842393,35.70782276273138,55.44295023802096,180.7567446133375,0.214473797474964,1.3714043734759154,608.2603951331748,Restricted Area Intrusion
136.4594615111933,175.3420801335916,257.52131221983063,505.45126320279496,0.0889309940582791,0.0,1550.3082559496363,Running / Sudden Motion
78.16449712043752,122.9750250128705,495.52705427742166,269.9683034479119,0.0143991532276926,0.0,713.0965949312067,Running / Sudden Motion
26.571771331384948,39.32779446096299,168.95466109157474,199.05553110221013,0.229538120809839,0.0,63.16226694216669,Normal Movement
59.5091372774956,71.71390728664593,342.4393391736167,101.73489315363162,0.1910595078291883,0.0,267.0370989405768,Normal Movement
15.173132650689674,25.46341796247399,151.545908989429,226.15165264026425,0.3643708488965446,1.0647558300071855,60.866446601750255,Restricted Area Intrusion
24.74850471926426,39.20954022860513,293.5288523605988,306.45068278993904,0.3739831267463404,0.0,121.77012711801216,Normal Movement
0.6004689419889592,0.8760669233670506,20.34429799574268,29.61076370260957,0.6802694686858846,0.0,63.41832153951836,Loitering
68.44784205431944,120.89331319373044,472.49350562819546,514.5065440205531,0.1141445385838338,0.0,4111.388031736238,Running / Sudden Motion
18.0387291488124,26.31075061361641,147.9094405705716,358.4282696455068,0.0474709468315379,0.0,281.744914894447,Normal Movement
13.583374071677085,22.028329983821727,178.84033356652802,277.45518063994507,0.4697394597887571,9.61494096753202,353.0639163424719,Restricted Area Intrusion
44.205168407893,54.4118299316007,237.714597609306,347.2781942365449,0.101383112400706,3.701688771977466,155.1083842135155,Restricted Area Intrusion
2.6237542915607825,2.8222515645319315,8.276575077251508,54.3895612138073,0.9971633615553596,0.0,23.54751704017547,Loitering
10.170173312576942,10.374500091378664,43.35028004282988,32.350871778409726,0.6515272675301504,0.0,50.72341775608206,Loitering
7.615632652996859,11.197306568703274,21.40140907908431,6.193722727978319,0.7327307373931446,0.0,50.0606858106656,Loitering
95.66808192732498,111.14287506901417,450.749277549474,399.5370810729922,0.1755853783633408,0.0,839.5378805353944,Running / Sudden Motion
16.465037892553582,19.031390426572976,278.10561300798327,116.47072578295624,0.61188099559148,5.281304589337744,467.1172903600929,Restricted Area Intrusion
69.58343351732668,106.12501298459937,278.4706526180222,264.9370360427,0.0110513175701016,9.178019064649105,858.888702324018,Restricted Area Intrusion
47.58598591696587,78.35897193390235,143.36192404987605,50.043656095497184,0.277552692707288,9.052395996119952,806.897332387633,Restricted Area Intrusion
30.69160283123298,50.40901143944691,83.5105627432734,237.27883626434237,0.1778194083072323,5.9278868319608025,180.00489612029864,Restricted Area Intrusion
215.6924483775523,245.28266620033708,300.35083262940304,220.586721836221,0.0658824432223535,0.0,3717.312522335674,Running / Sudden Motion
15.0255658166525,21.0712819693239,321.5424776413953,388.0559059759311,0.01285963512114,0.0,175.29504204226956,Normal Movement
33.131601924915884,50.99651958018725,50.16993010422984,382.78125330153614,0.6343498817612445,8.350764890760974,893.8549951541713,Restricted Area Intrusion
12.558153222924824,12.852372058036922,8.719585891152427,8.637093670397483,0.717239978487224,0.0,0.4282810632935008,Loitering
25.52949683467599,29.544200634837885,293.18979573141246,117.17578680119156,0.1409192295271557,6.398315289031463,560.6247177390386,Restricted Area Intrusion
14.055225013143955,15.863645368800182,24.575658652642,18.033266583679307,0.6701924350832541,0.0,8.054494671311318,Loitering
3.1102999953968364,3.981273378276592,26.83075467647261,67.14858859452465,0.6985979853627904,0.0,90.99371729174614,Loitering
172.94837602291665,199.2922561852448,314.5265000786609,425.0913765707472,0.1708481450387546,0.0,4530.853589888509,Running / Sudden Motion
40.53516510971955,55.86002384428746,211.3054586503573,106.50921169562582,0.3875009285446396,0.0,100.089713673514,Normal Movement
38.07294289350501,53.41941307964462,72.18653548217549,483.10529937827255,0.0412010736520635,0.0,21.91293705840561,Normal Movement
6.121816695045066,10.29567708901926,192.003315514567,38.064719571171125,0.5719081435429569,7.752552084040157,315.14150811263,Restricted Area Intrusion
11.242164436838843,12.878451148612706,6.194530464417891,72.55112748216823,0.9489310613212738,0.0,5.371536514522579,Loitering
8.61083258672732,11.55705401242014,3.041493375068072,16.482528185253283,0.7659468776968484,0.0,67.00931741485705,Loitering
123.98557875140575,158.32246677393107,515.9379471561111,351.9324122107817,0.0607165010465317,0.0,2931.2499469501454,Running / Sudden Motion
21.94274064360642,38.59186969767538,116.90409987902096,343.18847143294226,0.1304953448656227,0.0,196.05278452966212,Normal Movement
15.180342213000277,16.874557380940374,397.6487578563722,325.5483103363495,0.0507639902074052,0.0,270.2176379286872,Normal Movement
9.06460955698382,12.902901554538534,20.32511018835552,68.65790637953575,0.8272656586744328,0.0,22.30361279982953,Loitering
36.30225871851778,36.40276064195529,178.20432205797428,290.4906445197691,0.3935040421305885,7.088439745446321,10.013036870645402,Restricted Area Intrusion
5.880636927927843,8.392264330327393,20.701379106618116,47.78818647091935,0.6502248062949558,0.0,64.48731146778623,Loitering
26.07855607904208,26.389824909656696,296.0943624144243,251.4021077324804,0.4253126149744818,9.610140611690545,833.7089617762329,Restricted Area Intrusion
3.325457225652348,3.647004596737648,15.743923913875152,72.67774401973566,0.92876332689924,0.0,94.68922911337576,Loitering
0.6578742512687397,0.8024708589655191,38.70120429962186,53.8084876680607,0.895658602145107,0.0,40.28393399933684,Loitering
53.37515083343607,71.71602672026047,350.1371881889802,205.55633346994037,0.2361281003532596,0.0,125.11261964687188,Normal Movement
105.75886494060506,140.69681372478783,478.76034672502624,238.18046093481527,0.0010363499670715,0.0,854.1616642171618,Running / Sudden Motion
69.83451446277769,104.57218155452291,39.65621891563406,188.51446080564963,0.2402586220176449,9.862623533344593,694.352549602755,Restricted Area Intrusion
122.19870245329804,206.26162057662347,488.82966858319793,661.4850149158596,0.0656856206909505,0.0,4202.869007874626,Running / Sudden Motion
22.08395714850854,32.51864370950689,39.832903058454974,362.2086105665734,0.5116708623141227,7.722999969042763,875.7483709782579,Restricted Area Intrusion
116.33689301515004,156.94232874616026,675.7005633095658,576.939226663328,0.1462327819086403,0.0,4150.804850540434,Running / Sudden Motion
22.665353714633348,40.45865140620127,229.53744593794715,287.34227203367124,0.3883538914182951,0.0,120.41238475297206,Normal Movement
77.98593844940548,113.44523874852824,61.17711516372557,332.69078789586064,0.1830051278816038,9.958451385236865,567.6315241687895,Restricted Area Intrusion
99.67749261615673,152.97064341009195,380.1162038500368,290.51647650763925,0.0847916742006334,0.0,2313.557591691533,Running / Sudden Motion
0.436074212531955,0.5247276951978491,32.46045132909602,48.048815611436645,0.7046844339162248,0.0,45.06934438673866,Loitering
7.743930006637036,14.69526870532138,249.6013145721264,224.0314009612144,0.4940508971803648,1.4872035662541596,846.7574014333968,Restricted Area Intrusion
17.87718495859294,32.191957514923295,196.82468995663564,330.7902955120098,0.1194853414671757,4.6238214682016165,137.54885619218314,Restricted Area Intrusion
52.234838362893626,79.1576869311108,261.0632873155813,222.20840614854188,0.1785000084645237,0.0,260.5914226064502,Normal Movement
111.40628503010991,185.5649393240774,662.9931802408631,489.7154738214349,0.0573927873224669,0.0,4579.035209857279,Running / Sudden Motion
10.905236119025568,15.564644752051343,19.997561553374545,55.14390843657382,0.7900742074118093,0.0,47.84934381414848,Loitering
112.64477758382854,157.88869876520948,274.8982797110242,514.3882864758505,0.1969387869722439,0.0,2750.223466014666,Running / Sudden Motion
6.911418994376866,9.168217024978505,25.469494180799614,20.10924216855081,0.6860286664665899,0.0,82.18704628987004,Loitering
47.92042606886625,92.21319983529656,130.9878412974072,385.2372329753528,0.1544795677103737,1.5035211905672383,529.5147127208841,Restricted Area Intrusion
134.73594007544708,191.20135938458347,695.5611750698957,321.710778045844,0.1870697390660255,0.0,2366.912196734506,Running / Sudden Motion
11.903666240874095,13.367386576881785,30.59473106710345,72.58860644364596,0.8484252154603414,0.0,19.379261277241262,Loitering
27.00056206966015,46.375728106692485,208.7491721609911,306.41963290449434,0.0432285330661346,9.942185015643943,63.87582842267123,Restricted Area Intrusion
88.62603900342313,116.0731593259687,439.6470132848737,389.604182106748,0.1107724962612482,0.0,2767.914527535848,Running / Sudden Motion
4.123975379555725,5.008722986710556,19.74204463503161,27.60962509910128,0.6982648538441879,0.0,65.59154619738806,Loitering
12.103844667298738,17.323496758735487,10.580129072684198,8.154983153979574,0.7916619407660028,0.0,85.6736684436776,Loitering
24.510583272061456,45.42065001942423,51.68438491133238,390.4684229907721,0.5003862183027415,5.287379320990435,105.684031950991,Restricted Area Intrusion
69.55005997165892,70.2808124775964,142.09473391066692,378.8506810553259,0.3798454486279661,4.779235006367084,319.2461066525922,Restricted Area Intrusion
123.67960834428972,157.52308195838236,571.0076114365029,266.416825070168,0.1703991218838956,0.0,3785.478124971852,Running / Sudden Motion
53.99544284095278,95.89666217869627,674.1205827136465,602.7821933357169,0.0977920250555903,0.0,2291.0248929451177,Running / Sudden Motion
9.2253657285506,13.331843243865984,30.1278382762851,57.08995934647861,0.777926154377475,0.0,15.973846762270917,Loitering
24.359913316880725,35.644405645460665,335.379850391256,117.39764213152236,0.1580938615035577,0.0,226.65198218266704,Normal Movement
115.23821260318806,210.37576372774168,530.4636185056563,667.1408166627631,0.0741475759370142,0.0,4869.479242069776,Running / Sudden Motion
46.76086516332697,61.31450204951084,367.01631215808646,98.94819319789698,0.3743496408044322,0.0,252.8679656984553,Normal Movement
52.96087282189888,91.72066895457516,393.0540313994415,416.8508697149093,0.3117910163085315,0.0,196.3201500387088,Normal Movement
54.934030416153135,62.30687846473732,316.39079046309496,228.98463490255116,0.2594387165881728,0.0,159.07397685127077,Normal Movement
103.97781127329873,198.3607429885353,634.4655919458148,605.5893540508639,0.158493376207722,0.0,1756.8219173669145,Running / Sudden Motion
4.494703445281036,4.888406649574667,10.975207547417154,40.83141915147153,0.9560769596896124,0.0,50.00362149376396,Loitering
6.763871209739918,7.465192919996237,26.189118468493767,26.01725815978534,0.9510022743219112,0.0,39.635983396242025,Loitering
53.653136503381496,86.15511810664945,39.56650177489618,133.34794872755288,0.312881801628509,6.490944190941925,517.635994423074,Restricted Area Intrusion
19.26564755331884,21.21421729598216,198.75348453726352,175.4577595449532,0.0642848039879561,0.5355530693159278,88.36996061766303,Restricted Area Intrusion
1.0535005633005483,1.083479608551329,45.801312741622205,28.407706201527212,0.9937807441157548,0.0,96.43670083304,Loitering
34.802254870509856,41.34733789862298,91.18605088006228,360.3457677216383,0.2622070953372209,0.0,202.2438171209276,Normal Movement
12.363584191501896,15.76871102447533,30.927011825159944,9.418650450185265,0.7205430940110372,0.0,55.096441551355255,Loitering
51.70787859979756,70.75395629642179,322.65197404762057,417.13608997328913,0.0443283078794816,0.0,186.5113282617673,Normal Movement
35.53817360558304,48.7028998106233,182.9436700547053,244.4328735074612,0.0359012941004781,0.0,32.456464725527084,Normal Movement
75.94263707837582,104.43151312129956,364.5603418506457,257.12660205167083,0.1296233610048376,0.0,3817.271198340504,Running / Sudden Motion
192.67599889184444,244.54844669662992,522.2814568894457,452.99525479105176,0.0004517157200015,0.0,1660.1477651343832,Running / Sudden Motion
93.6039126554088,136.62242771135206,538.1559298332279,810.3929046067199,0.1317142324692208,0.0,3913.68046475146,Running / Sudden Motion
50.22308522626288,58.153862834700526,225.4638324849745,286.0969376288988,0.3751305819899931,0.0,175.80113518906185,Normal Movement
27.5007353030601,33.222350251138764,172.83217425283468,129.01601733500547,0.0232632139351773,0.9899695621319016,698.0604211230059,Restricted Area Intrusion
32.24939202498344,51.94667555939702,248.017642185986,473.17879447215415,0.3121205975637569,0.0,149.0171735961167,Normal Movement
53.99739744691526,87.59714761920672,361.13975809184336,170.6884119811317,0.212517101927442,0.0,235.98828363669224,Normal Movement
44.37090306911648,79.62045314347219,399.8034491362239,296.9129491069692,0.0380796347843455,0.0,221.07455670092835,Normal Movement
2.850913299121967,2.938755637381869,22.44031918861088,20.18640089334096,0.8947447831548783,0.0,35.6692799655421,Loitering
17.41790014593954,19.124009353424288,225.9332164955174,74.45076935704192,0.4677358514152409,2.1947079417099165,127.12707646544708,Restricted Area Intrusion
86.44077339788414,168.3820467189171,465.9041437372941,590.8302207849958,0.0029951211873187,0.0,4389.464995368059,Running / Sudden Motion
32.037941734553335,43.87972297721687,175.2626318049789,217.72803108289568,0.0358925110965004,0.0,17.30943466658703,Normal Movement
39.85139041548044,49.74325360464349,338.61325688517667,289.4120161246931,0.0135511180570226,0.0,208.07433737020932,Normal Movement
97.72769233994288,118.37338612747708,344.4111794931616,522.5998134051716,0.077461321064129,0.0,2894.07290834141,Running / Sudden Motion
10.473634109837851,12.487525775298042,16.21699966018197,58.77189469208555,0.9008495528620306,0.0,95.05883840490932,Loitering
35.91058370357983,48.74980379704994,134.524333602735,167.5193234027063,0.3005963242285584,0.0,44.48400092984855,Normal Movement
8.290073468961213,10.082119677949944,41.33574598010934,73.1788264848713,0.9762385909353766,0.0,56.429620582938654,Loitering
187.3906905489401,231.59520022649696,439.45993175020624,865.0372089728415,0.0848730578869987,0.0,4067.520881387666,Running / Sudden Motion
13.79671358125941,22.913474906353663,185.8060121458934,269.6574648102636,0.4275540980761315,0.6583846487392269,182.71822107065643,Restricted Area Intrusion
59.18061477900137,93.38066686016732,39.48233506066936,327.4658333893232,0.6459852260739274,1.0061337134127162,130.03725889297547,Restricted Area Intrusion
57.412707865506654,101.36014862696436,199.80908019662343,360.3066930014949,0.1826982393415996,0.0,228.5035564365391,Normal Movement
36.48776431324798,59.58462107869604,367.1314764677781,382.69229762170767,0.3852844894197518,0.0,236.78149951407136,Normal Movement
58.85654370782064,100.86576159619304,164.32186416016327,113.4230259277896,0.0926057245714975,9.593922960367998,659.2544128765636,Restricted Area Intrusion
44.93462845218546,70.98099632926001,149.5278759672051,255.8014123718108,0.1466324253996202,0.0,161.21853094581832,Normal Movement
17.625628364539878,34.62563286640336,44.10165727420714,270.1349223596787,0.4936801761956303,1.9984964996843064,371.6699737721849,Restricted Area Intrusion
37.33878670976887,53.24623778753696,61.86085700377335,410.39287924731167,0.1322864266984421,0.0,264.8414497369365,Normal Movement
59.32831237756769,103.1131098791547,40.72551807625063,53.41047405301114,0.2527839602606073,5.512168788213558,764.9928633825104,Restricted Area Intrusion
159.63953123988915,192.19046102183256,478.2887056875405,724.0065341776177,0.0561956103659469,0.0,4897.751646392478,Running / Sudden Motion
24.493737641679274,46.441309994044616,190.57206705053687,294.5759617185216,0.3926432380497447,2.2177063530697048,848.5810557380765,Restricted Area Intrusion
34.06448042477723,59.64942134468613,230.82041783451905,487.8767637569777,0.1035342548949598,0.0,156.31811951414178,Normal Movement
105.28267922666484,144.57632630768927,640.3666769860824,656.6660937607053,0.1204963995907008,0.0,2624.8998130753835,Running / Sudden Motion
6.566525505982644,7.695332411575754,38.29203427983457,60.692679631673855,0.7363646487470233,0.0,16.082636230788605,Loitering
69.68154508312516,121.84797796561432,561.7927487123077,708.0036311702477,0.1398363540985597,0.0,714.9593111584752,Running / Sudden Motion
8.190811001221196,10.716197472750812,14.59472007626249,9.7979406806205,0.9081111558171354,0.0,10.178598874901745,Loitering
0.6741210526381058,0.9520283220557394,21.04558497353077,36.10656681214812,0.764509800466567,0.0,96.93538886985864,Loitering
47.04029249498787,66.0683683077401,42.26859669462523,179.93905042215326,0.6063341258730762,7.182356358533521,91.63096233585692,Restricted Area Intrusion
9.721408954222746,12.071616152384806,21.967503092811253,13.409237260429162,0.8314064965458079,0.0,9.993180897236364,Loitering
12.44979973477333,13.720853570602705,47.19738047623613,16.665934995295096,0.6952074686358393,0.0,81.18761105873928,Loitering
159.3977073783335,178.58507876768903,215.7967503825736,729.8641941544457,0.0668651724488255,0.0,1115.0167917295444,Running / Sudden Motion
27.804339380032136,48.04305570915608,139.93301973942422,216.6439468170044,0.3636259257691794,0.0,163.56719603267098,Normal Movement
8.732506023668677,10.53129190318564,23.2550964232048,20.620999582685386,0.9341585252477748,0.0,91.40047054509677,Loitering
43.18598607007814,48.21712453978352,226.47226474542677,289.1120941431748,0.5559707950015302,3.5893174775637524,441.69268687552994,Restricted Area Intrusion
2.0490660416948305,2.84351399863052,10.08440066402268,59.85284803499837,0.9319551369934134,0.0,12.532600977445076,Loitering
96.9576333624288,188.05975823672327,219.9916900565996,549.9702221313268,0.1492677846965782,0.0,2642.0438024440227,Running / Sudden Motion
190.20365851676968,224.18194156618324,233.42708941407028,281.7542794413223,0.1847617759168163,0.0,1364.83725619182,Running / Sudden Motion
36.0744240612449,63.97943376005747,213.1959976242997,155.97146073527796,0.0867664491223153,0.0,37.6043861177225,Normal Movement
50.6398185953697,92.78800843470547,299.4326609999687,311.9039431366365,0.146431819900145,0.0,1064.6610798187614,Running / Sudden Motion
20.331836355966068,25.450496157322917,153.35388277671217,248.54866086052243,0.2116157573955561,0.0,10.28709823865197,Normal Movement
65.07530069159232,107.95002656962124,250.44869614970145,205.2246742882376,0.0628269548196088,0.0,4886.387035034555,Running / Sudden Motion
84.25240771745392,137.25016117516014,419.95736144200106,391.4845194685481,0.1334590552032399,0.0,3885.613961875154,Running / Sudden Motion
12.911515424319068,15.121121640287674,32.95020329851611,35.19597737775872,0.7039668087663711,0.0,52.86624185631104,Loitering
6.585526683421453,9.003057289715299,43.37989327865962,61.87792074489072,0.9972865225596372,0.0,75.43610687316496,Loitering
76.1453088039908,79.55514998730693,168.4182168378507,243.79092627762316,0.4894925083284037,6.567978701336275,18.058098786703415,Restricted Area Intrusion
128.80942595556024,149.38040904843706,601.6554945049186,767.8300518577566,0.1232396945924785,0.0,4507.008963861528,Running / Sudden Motion
21.67975454640261,31.56240381580779,197.3716928518604,279.15086638269963,0.0476870104790978,0.0,48.88743686310195,Normal Movement
7.916805949898254,8.301291084094126,193.6585476432464,248.90637619451263,0.5817630160986071,6.1265354469949305,949.8771203055863,Restricted Area Intrusion
20.52410695851687,34.5170094184578,112.11666765232798,155.29268942625043,0.2397531166083374,0.0,263.62299184286474,Normal Movement
37.24123176661668,73.91725126950386,51.65474088910152,291.07273610080534,0.5951288889286243,1.9325384080231651,717.3087036471651,Restricted Area Intrusion
146.56315031687484,163.591797909844,428.2560073836754,548.8266768854634,0.1117587167448336,0.0,1418.4192294640611,Running / Sudden Motion
62.89440702533644,97.83703414085112,98.23839659172064,309.12538029683964,0.3624229090733717,2.186692246644111,567.4415999105746,Restricted Area Intrusion
47.11139744583378,84.56333637406516,176.12300914855177,148.39975152193506,0.2076668939657286,0.0,164.6424448511954,Normal Movement
38.93487411057306,47.93144883766679,396.1253254966561,423.6893048556224,0.2966458530926061,0.0,145.9401961340462,Normal Movement
45.44935721293369,52.09657329722412,60.36293810773406,169.15639831311205,0.3578045990875124,0.0,197.42432133628216,Normal Movement
124.48883457792594,168.19847989382995,276.99556067625747,464.9546175420412,0.1730480700143004,0.0,1083.5710512528967,Running / Sudden Motion
134.07572964471677,153.85511996354612,355.6420088474746,489.2631055479016,0.1247922246110071,0.0,4127.369136789883,Running / Sudden Motion
39.40992957845416,47.3760321762758,221.98960261151305,68.11234229290676,0.3550757738826697,2.114580360863937,56.06748148138444,Restricted Area Intrusion
36.11100466374526,56.17314444687922,103.58190488215338,470.8495937682997,0.2022898797816499,0.0,247.6631118464593,Normal Movement
17.462764140172254,33.614354408859576,32.313769400958066,333.691313788838,0.4596464689709117,2.87248932941596,210.3954131382889,Restricted Area Intrusion
72.84826835648131,124.13323899961642,21.179562135960914,145.45604851130292,0.5343229224168813,4.4672075997839285,474.1098446295305,Restricted Area Intrusion
73.79793023072882,140.42135519380233,211.23229613962584,121.01228997553925,0.6788348172930595,7.770790342136354,677.1556377488224,Restricted Area Intrusion
3.1901206014004595,4.638986727769591,44.50073370799608,55.9588124971956,0.7341657439333333,0.0,41.981056105578574,Loitering
44.36552632951869,52.66575162616913,160.4328702013492,463.5936846695576,0.0354937972031556,0.0,127.98819342333968,Normal Movement
77.7686313772818,98.52669521957378,396.745844653928,310.5260953556235,0.0590252020969204,0.0,2805.046095705028,Running / Sudden Motion
17.365919564537492,30.596387182900923,193.44480965008088,468.03816822908055,0.231591009900097,0.0,11.339451664565006,Normal Movement
76.65672754638943,80.70292878631302,270.2277067420626,52.35811420461889,0.2737914871541946,1.0130463445766522,998.9793018401084,Restricted Area Intrusion
195.0636474105952,231.65934371959207,331.93902070559454,721.0381813088578,0.1118981509738448,0.0,3207.564627764851,Running / Sudden Motion
1.2746212968860764,1.8074867897377709,46.64900133246356,21.964166735154656,0.8336839156632213,0.0,92.78582254629885,Loitering
133.5128290270107,154.17620115522317,342.14692515954846,374.8549660235095,0.1485724441698551,0.0,4776.172730737081,Running / Sudden Motion
136.668538929673,214.9653452083876,669.7936619542711,221.42742669216528,0.026588620654808,0.0,3190.6629388661595,Running / Sudden Motion
35.96933188415523,52.72536612321653,319.7339526022399,415.682780935068,0.1968612862301716,0.0,183.88209804155755,Normal Movement
53.53843337950827,61.805906087004,320.1082977605346,209.2194958791926,0.086648945673617,0.0,209.78142121136196,Normal Movement
22.686611637338792,35.691979478008506,234.85695583824625,338.933118439154,0.2783689093292737,1.134635754170923,489.1352484808978,Restricted Area Intrusion
48.533465774798,74.79047315980401,349.3845739190579,145.18945682525816,0.2938484367740646,0.0,65.98203235198218,Normal Movement
20.352898983309508,35.4505549980801,169.32121710399278,335.41426900412847,0.1860056527957092,0.0,126.1308611211307,Normal Movement
120.95909865735072,201.0779523378344,185.0776285533989,469.5002650702905,0.0634262027674399,0.0,3681.1281550382337,Running / Sudden Motion
65.07164316640993,75.68147922163578,208.5578738761373,347.02978803720737,0.5738373120331665,4.543508211323223,57.61191194265467,Restricted Area Intrusion
105.1468187902705,158.30624027768977,444.98625001303856,235.4160890293723,0.0597915528435841,0.0,4946.734363674444,Running / Sudden Motion
43.7695899195493,71.71406682330235,80.0458632137505,168.95846179255233,0.1514371670949955,9.077957592071687,244.43089311069184,Restricted Area Intrusion
7.201201127918143,10.793332961192396,5.722265948556505,68.89737767011931,0.9522887137976546,0.0,55.31986315377873,Loitering
44.51427874422782,57.53567250280169,82.08190493138083,103.07269546302108,0.2326909191834859,0.0,16.29980215418599,Normal Movement
17.492793412391705,21.380549774252835,78.14985709323963,328.28040276660795,0.2722858107198025,0.0,124.1528324812882,Normal Movement
58.781079729048976,68.01390399996909,117.53517151574631,285.2668193128766,0.5428786313048797,5.425862041341495,957.2889524230096,Restricted Area Intrusion
6.054026594006466,10.246172546789865,89.36368200649761,160.0196415228941,0.2344311834087296,5.362383108345957,861.2017248736648,Restricted Area Intrusion
48.6029271677121,71.03814300939062,265.3411860927331,246.34740553696463,0.016501213002625,0.0,38.98603817460878,Normal Movement
10.1459066507593,13.931007353473644,10.43226662779992,42.37809102663481,0.8558939941117805,0.0,0.247793085702308,Loitering
59.10122307993866,83.98239176586597,326.5875224360787,347.29150368526626,0.2289652599834549,0.0,52.08777385286441,Normal Movement
74.00175443749691,93.9063780044508,295.9179316689937,332.0642687244241,0.5563654642289123,6.841996709107264,983.4352936383448,Restricted Area Intrusion
178.56741833002417,213.7839639327169,668.0799187236968,244.3972195123366,0.1598469486596944,0.0,3718.5710521672736,Running / Sudden Motion
14.161726732447924,14.491419886013482,38.00358907717701,60.28638100378983,0.998918298613514,0.0,34.78706617210682,Loitering
52.65914444242738,99.37092738848956,200.08882174912475,361.3817785737644,0.6993371126958295,3.912421213723563,726.0567974043724,Restricted Area Intrusion
201.92083689783075,231.92361448934133,513.0966978758354,338.1774874435312,0.0170593151079815,0.0,1620.9097967507985,Running / Sudden Motion
208.83238860373524,234.0769194409473,636.6661757454099,235.6699177711888,0.1859532999254976,0.0,2483.935642189855,Running / Sudden Motion
9.62468518367449,12.58217741377704,0.5199050755070267,50.577163206384725,0.9071973788947278,0.0,76.87300324015754,Loitering
55.08566208953362,95.04549808108504,236.4118425313927,212.69020176893304,0.3088049728443952,0.0,201.8817663186507,Normal Movement
69.25700765970574,95.6847868846436,546.8918442664817,395.98438100930025,0.1726983835126435,0.0,1657.2520787751334,Running / Sudden Motion
70.13751214713075,118.55260686832425,35.86206140394971,193.083682219528,0.5374295453607368,3.4534923038421828,387.74318616819215,Restricted Area Intrusion
99.2415169004315,177.73837478080017,193.5707530902036,870.0534044465377,0.0851605112863158,0.0,2142.2908375481984,Running / Sudden Motion
6.934130404204231,10.017036756748462,47.06719885235805,21.460507192106817,0.6850369000685237,0.0,78.53375514877494,Loitering
110.32117321292208,213.6792632162205,668.5349202702142,232.6528329810289,0.1177516948748659,0.0,3131.555929386725,Running / Sudden Motion
11.414294692755057,13.219324872380836,10.262992523260111,39.02106338409664,0.8413847110841788,0.0,91.90871279685555,Loitering
63.25205550175136,95.32077287732116,117.16540094319711,298.9473229093208,0.4802459407523885,3.4505882597550164,983.2084827829026,Restricted Area Intrusion
21.938861283592612,36.64590305606953,47.16201916251296,37.1665544314301,0.0576903534944427,3.96624814676984,975.2661645960692,Restricted Area Intrusion
10.386890342899328,17.74662713230541,245.28505261476025,383.95508177811024,0.4063293309477049,5.32639759399308,431.1428220820927,Restricted Area Intrusion
37.7194499300985,47.16012254795641,246.06891692731887,95.08024966870803,0.6530872319285657,8.903367769051277,366.9816716904621,Restricted Area Intrusion
56.44367126193526,68.62829108717308,156.8048279948981,144.51762598066463,0.0461960254661419,0.0,16.13292473756761,Normal Movement
50.82203101719819,78.72877396532019,263.35627622426284,253.85278681118308,0.355523015673903,1.6686427532811448,706.1771073004912,Restricted Area Intrusion
47.67810577727555,67.83495953834012,284.3834423839548,331.872049820716,0.1891135891035993,0.0,285.51771744108675,Normal Movement
37.463740144000056,57.46201847454212,375.5100067763802,286.5612841934222,0.2114630152433164,0.0,184.57911942298355,Normal Movement
10.391122504003192,13.478963247559568,7.386428127053435,66.20867011559619,0.6630462107975635,0.0,26.41916632353021,Loitering
14.16218469990699,16.109278851095024,1.3100742093896556,23.20055322162702,0.7783406464400997,0.0,35.134968328926405,Loitering
43.87100099014755,58.44685842436707,236.9163524702253,113.79895290278048,0.6585841500324742,3.552729761452223,112.81310507784316,Restricted Area Intrusion
12.237500329899088,13.317215849621428,2.5902557819936725,61.690829811941065,0.7725151278305425,0.0,38.933400559165,Loitering
73.21409422288652,109.5411773945642,147.41888069442285,220.6119701952234,0.5559081626799403,2.6324753168343573,712.801672204974,Restricted Area Intrusion
14.844877450076156,18.507639483032413,17.775950931762317,25.615780746876418,0.9930044257307356,0.0,25.22507855216837,Loitering
27.984885313242845,35.51058169548672,88.02551641542311,288.5572568018187,0.355104670285555,0.0,192.74407108957155,Normal Movement
12.839437632205229,16.75562344735278,6.456816584910163,66.22678044318704,0.9009699382541908,0.0,75.8299543463637,Loitering
24.289788569343973,39.11163146637415,98.90509545579796,270.33989326042047,0.0655499631829153,7.474786207756046,425.6216303093894,Restricted Area Intrusion
2.138569234906707,2.903026794637165,30.04024445635346,56.79853048288652,0.6836668500050662,0.0,18.856007863455805,Loitering
35.36285691859729,59.75821498418773,170.12642932455805,281.5153711571644,0.391218298315192,0.0,147.71428257795412,Normal Movement
66.2427796392292,75.7607797749333,113.99500968183388,129.19696543833743,0.4885077036463914,7.71362752660317,461.4426689276907,Restricted Area Intrusion
55.26278617716293,67.9832900148885,169.91040068413557,326.8066893542781,0.2872249346537002,0.0,138.37024439647487,Normal Movement
21.92836121599319,30.611120227622195,270.6872988297529,471.8183286135664,0.3923284582132137,0.0,30.195784611504443,Normal Movement
79.57042498445067,144.86729702824488,546.9843577181474,589.6688995884003,0.0468206845649789,0.0,3341.2245171418344,Running / Sudden Motion
60.81074195325795,90.29048261629266,150.1951213921298,260.1124442808965,0.1815551585327322,2.8731199434093746,989.4603163426927,Restricted Area Intrusion
142.37494988263433,187.3700836798424,589.540399143038,697.133976360773,0.1583549841410383,0.0,1240.629608447538,Running / Sudden Motion
42.46509249555809,65.24686972861797,105.92712935395818,371.2869972264222,0.2699001425520893,0.0,207.9505554428961,Normal Movement
29.38509970172727,52.43590973388444,203.34447094962755,287.3503001725073,0.2000186218641729,4.965450137008946,189.88676202496492,Restricted Area Intrusion
10.556547116490746,12.432233723852317,29.7749852955059,21.765807562942506,0.7089363770258816,0.0,47.11491351387228,Loitering
8.47974820507415,8.661957327357714,3.965844959072412,57.20872682097596,0.6751219825712691,0.0,47.70828662473765,Loitering
9.860577418281997,10.997359758729663,293.81055027729616,133.52112032058324,0.2149178775376949,1.70751013910515,757.612562451784,Restricted Area Intrusion
48.619989270933495,57.93199443248505,334.3610362803721,473.5010610150006,0.2426128401631778,0.0,216.0041656866205,Normal Movement
54.21920060878509,87.47877119984638,273.2069969012754,206.43599483901664,0.2412962732588714,5.359413237718786,202.74804098688125,Restricted Area Intrusion
21.2178724477154,28.043405465865057,205.90802863008392,280.4434664589399,0.5189218552168692,1.702097781440707,820.3322163519169,Restricted Area Intrusion
1.924459843864168,2.1122334519582484,31.85542065891193,26.70621001670196,0.691801529506183,0.0,15.49689931498922,Loitering
45.05321214815939,53.63828024277573,153.55185870458251,138.2348884180362,0.1134083066396916,0.0,205.67359873129055,Normal Movement
42.79471080764982,65.35620928280142,395.4773885163,117.144283095355,0.3898003570169157,0.0,69.16381250067187,Normal Movement
79.92256410119558,156.64213898814205,305.660626975617,362.2193048641888,0.1587164023663937,0.0,2576.889457275958,Running / Sudden Motion
33.04453068885654,57.64212926265605,222.05851675551693,231.50323724493848,0.5443723459076099,1.5226264838785109,127.02915516608476,Restricted Area Intrusion
32.735659973014386,45.55581987305956,60.56464060943218,127.06955581945296,0.3451058254963512,0.0,10.357588128453358,Normal Movement
0.665959453658852,0.9981651515884808,43.472856161734455,71.21356275996528,0.982947981662316,0.0,43.83163094144879,Loitering
75.19314862537269,81.32813450863753,136.0967304681585,243.3979411860776,0.1611825009302239,3.169618600229837,229.6269111011778,Restricted Area Intrusion
27.181850474329188,40.98003049569072,234.6360141827714,36.500864732335046,0.3947408686090612,2.147727664451552,286.5895063860151,Restricted Area Intrusion
132.41858522106762,206.99397577571412,418.1345483110943,309.87580180419206,0.1949558856115305,0.0,3795.0044855361975,Running / Sudden Motion
178.49898611781288,243.2671732429976,523.5123516146373,571.9441272886163,0.161306649529241,0.0,4544.072218011734,Running / Sudden Motion
46.69785955398535,56.24425295614433,241.35172648255096,362.8757601846024,0.1824989229550727,0.0,54.94570165075645,Normal Movement
26.605230411650737,42.17058357344319,395.6862907854289,143.2512806420615,0.0353609162802697,0.0,205.5166058089967,Normal Movement
9.077652750046171,10.938706429177705,15.82300712076234,73.70987659325202,0.7701416013281343,0.0,23.667590148701837,Loitering
21.60886806696319,36.79040914327525,339.8623673830322,306.3555418309585,0.3276799517175921,0.0,36.89926245310348,Normal Movement
8.0751719899952,8.200677039861608,36.14669993459606,45.873720468387305,0.7447593677323604,0.0,32.78420388534416,Loitering
35.93456122036079,45.06177474190512,336.255555684308,389.2687208017493,0.0887816158243796,0.0,140.85243530560706,Normal Movement
38.752546692782445,75.5708833395403,142.84301914830672,363.16447684086734,0.6081664385849231,3.769485002863011,699.0489140363316,Restricted Area Intrusion
49.94917961499222,83.28345397778,301.9799791125919,123.17503238079476,0.1900089776017443,0.0,184.9877276714065,Normal Movement
96.46103803467736,108.47773977967182,657.2832370734181,427.56521415680174,0.0517705879847775,0.0,2520.2316922361647,Running / Sudden Motion
23.636452263498843,28.90321100056774,336.07598851358523,191.1789184602057,0.3653140734807903,0.0,50.61606735995228,Normal Movement
32.63044464289571,40.620682654659774,179.5957837431135,34.947689254600284,0.3257783620729784,8.516147434404111,928.7770200257128,Restricted Area Intrusion
46.27816344408639,77.57923822547252,41.61309512303325,383.1528008586095,0.220646083248866,3.8657716220352536,230.61435283509752,Restricted Area Intrusion
50.15823159441821,59.05689814514117,398.99178366477486,449.264010209253,0.1135633751456156,0.0,252.7000081016721,Normal Movement
40.85220322992017,46.24599653845068,216.51186626765468,397.1575244317215,0.5445452885822665,2.619567070282467,626.8915121982932,Restricted Area Intrusion
69.76183503218262,104.48993420738287,140.0211609765845,215.2448514129096,0.1401444121650448,4.848013005808729,851.2226177396719,Restricted Area Intrusion
76.12400448844046,129.83072750273243,103.6649412082341,293.0230748583575,0.1978244177015252,5.655543956641988,531.3298061496772,Restricted Area Intrusion
22.284121228293337,25.9720646269825,246.8889557493329,218.2114455685333,0.2193590944138872,0.0,74.32875763065657,Normal Movement
44.23070093664323,87.08054554668229,61.04298881264428,236.88566280223364,0.1282554884790968,3.411071745640906,940.7336687735932,Restricted Area Intrusion
28.578848167581658,39.950983623855,293.7489066208166,69.78397004755791,0.5571333972373956,0.6099027892741828,491.64811690931873,Restricted Area Intrusion
121.41686415602196,135.53337332345964,181.5695192013078,423.57544171015786,0.0642842949929296,0.0,2269.2980521041554,Running / Sudden Motion
100.17432423237882,185.2862897482575,298.455534164716,665.8644521624497,0.0797090246266698,0.0,2454.436064154994,Running / Sudden Motion
12.957374253956324,13.223992961369769,7.263623368301775,15.97923716646555,0.8607961993717275,0.0,92.12305027183687,Loitering
46.07229980480159,51.21109080639807,385.7514769146209,325.95357981554355,0.3125863357609686,0.0,119.41173332779532,Normal Movement
9.458147996323216,16.064309131997373,244.81204142789576,295.54958122907595,0.4641085697874861,7.22013530620982,742.1940265382041,Restricted Area Intrusion
150.88101943338106,216.8197232896472,232.3471271130531,450.9539390743127,0.0330610295075045,0.0,1096.6788339937011,Running / Sudden Motion
10.080235834493802,13.956398565911082,25.28791391606647,73.45526758858446,0.8753154337698119,0.0,88.35514062513434,Loitering
6.769483775149579,8.91015103734644,7.974653588042807,55.49962305514663,0.7447137433183179,0.0,27.283597667645733,Loitering
75.90581204967161,112.42534948447248,417.3975114188588,646.1818973473322,0.1049124880704559,0.0,791.5037610950756,Running / Sudden Motion
4.172434258384021,4.283701901493375,36.8928590680204,17.825261242711274,0.7989993833114211,0.0,48.70454933791568,Loitering
75.91059318062504,104.81808382560912,57.76529914618476,70.40205649091283,0.0044533806337201,7.567576687331359,981.5814320426538,Restricted Area Intrusion
50.60457518257415,64.7335047872536,146.3038829243734,111.35657560976288,0.3720305833059026,5.993281282164289,344.45836876946544,Restricted Area Intrusion
29.516108127464403,57.47586354546125,260.97517252358045,163.0114659236608,0.2612871923344926,3.328096707620905,332.8688411987539,Restricted Area Intrusion
15.54634054149196,23.156900184420184,234.1782745196816,419.127898092265,0.1421126158211108,0.0,128.99899408072207,Normal Movement
7.829960805686039,9.083164690988523,11.25382628872954,40.3702084373861,0.9447068377134912,0.0,91.52772055266487,Loitering
13.923579721682476,16.824586121492914,0.1808122392470468,9.692833688461953,0.6883205639952853,0.0,9.535345318286026,Loitering
12.299849216681592,16.547631743380716,6.622569907210218,13.56383030483901,0.920172747577124,0.0,62.54640887729238,Loitering
111.47186463389238,158.38799156366298,249.52393884471127,524.1107448154307,0.0746060778188581,0.0,3530.9768604794026,Running / Sudden Motion
61.77799632088339,120.39682374298413,180.7964722189769,209.6013085437202,0.5250890229131846,1.422356328984355,433.9299666100363,Restricted Area Intrusion
18.65193001907547,20.723485900770413,222.2482153161944,287.61210408453945,0.1629449551451889,0.0,174.76853187449572,Normal Movement
5.275535862753952,7.125325508957864,39.53244033002475,49.26599557584685,0.7012526610949429,0.0,74.79016021481752,Loitering
0.938276794159416,1.2924538272762638,25.6880225475845,10.60198400248639,0.8876535098593319,0.0,71.65401940019429,Loitering
25.636219592259508,29.08127504220674,112.22462306283788,106.5979610550744,0.0780496964369345,0.0,174.88521726408328,Normal Movement
4.859693201277246,6.839780685287488,37.44135002341724,55.094290254390216,0.9721401655360208,0.0,40.79245943813421,Loitering
6.570401719060972,8.127535917260246,29.0435674218191,5.474348542980152,0.9676935662384478,0.0,7.108739694508126,Loitering
22.344300812300418,33.389566183398124,185.1517121388493,342.98690005299704,0.3648821361634705,0.0,53.78800811616962,Normal Movement
120.72615493328756,215.82243691237056,248.65371563448707,726.4748529168523,0.029900950482325,0.0,2665.558559088814,Running / Sudden Motion
18.51705767178889,26.618086975859278,266.5630928247996,109.70954144193666,8.743457603556104e-05,2.946332765116013,492.6670246846479,Restricted Area Intrusion
20.18337239914173,30.16816104885155,305.1537885866867,104.71638567962135,0.2391424132824814,0.0,246.6113524842973,Normal Movement
124.7199494065426,206.0185102116764,331.0565190858787,372.8364666892256,0.1913777200632384,0.0,1438.2867987445725,Running / Sudden Motion
191.0122187362064,230.8089598412892,542.6693641276931,307.8503503728189,0.0096734852398303,0.0,3477.106574560647,Running / Sudden Motion
12.564259392832309,15.60722413203828,2.436121337636382,6.236844423323744,0.8157163906980143,0.0,16.437872592444368,Loitering
8.02075076134065,8.076786611297466,0.1117602373698567,43.29954738049228,0.7567344298122182,0.0,18.031144599517717,Loitering
44.47910629175714,71.66461602608607,141.35783296569656,311.3432838783114,0.0294689484923888,3.472467698230868,687.5857409809452,Restricted Area Intrusion
8.706102542706303,9.05985192201069,21.730214205930505,18.704576115358183,0.959183413732033,0.0,44.49008179668318,Loitering
25.73487692823248,43.60996704512007,79.45885965210853,416.404818529504,0.3711181720689122,0.0,233.91143574027035,Normal Movement
94.0712738630412,141.43888048861663,625.045735949447,215.43924711703443,0.0867852413620527,0.0,3592.2096581047904,Running / Sudden Motion
25.61987681792487,41.86822924919363,376.2011381006039,289.1313781713328,0.257199369336333,0.0,261.47996021594474,Normal Movement
32.329027324515906,50.03545098707441,150.59752795028766,138.70273260066188,0.1911509096094983,0.0,130.89791689251666,Normal Movement
21.17450660057756,32.97882560765857,212.5680324484252,245.02563421277105,0.3500336796216329,0.0,292.9227372902359,Normal Movement
43.75664313698442,61.41286994279934,58.17637686175246,283.89876561337985,0.3015594386040698,9.3788188483786,965.4461969327092,Restricted Area Intrusion
2.1502510531430774,3.0214159580392934,35.24367339860594,44.775876320813886,0.7810287417696498,0.0,66.84942903243505,Loitering
30.28811764870637,34.82743219218695,221.6039100804254,396.5836854504614,0.1140489601660755,0.0,107.16359447648908,Normal Movement
168.84160626829342,189.82623041516285,629.2441958418001,350.3181816410481,0.0482366620450602,0.0,2117.0061980267506,Running / Sudden Motion
9.340370165340657,11.742336642581805,35.55346769888261,42.79497233226757,0.9665772226468066,0.0,18.44459608868413,Loitering
105.88390494041344,190.3191743904816,162.73809599296797,235.5239995774904,0.1807840296396431,0.0,4483.626490692305,Running / Sudden Motion
69.43187439100404,75.98760066515271,206.80218999473385,256.6689347198516,0.6072708224494049,2.140981277578634,801.7896295894468,Restricted Area Intrusion
64.11047254081556,99.56819348360628,313.91900115079886,353.5419450732837,0.141226150946063,0.0,3500.026822107246,Running / Sudden Motion
151.28164327071804,218.9952929239728,255.75618687825087,791.3374204236627,0.0735016690106629,0.0,2010.993146123085,Running / Sudden Motion
144.846836450768,235.974068696102,271.0558650099915,498.1065907227986,0.0906638737956013,0.0,624.6375310026588,Running / Sudden Motion
88.93428863268042,147.5988471648207,207.6432449348567,858.7519191726831,0.0283824206659072,0.0,1741.5295572158907,Running / Sudden Motion
16.126809135233263,20.701532222098955,217.66470751884157,93.01781116207648,0.2470677842214556,0.0,206.71007643649537,Normal Movement
41.74854217254073,47.03646904792696,216.54006082288635,269.0194711138472,0.2395738981814525,3.885070079043229,254.2551602938997,Restricted Area Intrusion
105.77359578954074,145.6586920950487,343.2934379930764,859.4474135699517,0.050942045811029,0.0,1837.3389318077875,Running / Sudden Motion
13.3319324127215,16.95887190348796,44.294434757210006,21.89358531346302,0.7655085201370331,0.0,47.095213845681705,Loitering
61.85717000684385,114.60751980635708,230.39699792687804,262.4389060905432,0.6353372042636383,5.437499625975381,637.0232724451545,Restricted Area Intrusion
56.78848496905284,73.89831092310835,44.46855081908159,211.09717851669976,0.065028894064272,5.394738974476747,728.9556637076705,Restricted Area Intrusion
149.6912362158566,204.29473623912315,497.4908504934991,588.8660349740846,0.1545386046407709,0.0,1436.179909365474,Running / Sudden Motion
14.417585863450238,15.173050704208272,26.45053000367838,25.44264431260852,0.7424492322535092,0.0,59.45862193028131,Loitering
48.66319315859517,55.97744219443424,261.32516046724675,397.5516186198599,0.1436817589070951,0.0,13.171069122092485,Normal Movement
56.61108511557166,58.33801060856248,113.96739784181422,202.6831646853965,0.2524322432707703,1.615460437979925,215.27282165995692,Restricted Area Intrusion
23.88669233384752,40.66996769658032,339.8429896332611,458.9028607317805,0.3509907924897038,0.0,288.2829159972535,Normal Movement
19.324285483734656,23.333453744164053,241.5056045131465,108.35776167871433,0.0211228405600441,0.0,10.1504358080546,Normal Movement
90.8263208094521,114.72238403748597,503.5456398587946,248.86426955986144,0.0230085630724405,0.0,3388.926216355739,Running / Sudden Motion
2.767073762686589,2.8978945776577456,17.40065073355353,76.42144306627388,0.8652974564959475,0.0,38.14102284029025,Loitering
67.5567479407482,90.39028486484278,284.07293612296854,462.66354911154514,0.1412697781469688,0.0,3052.499372447061,Running / Sudden Motion
14.063478881594206,20.40823991517393,1.0221491571375418,64.38854673433053,0.8079010104039042,0.0,78.95582040006556,Loitering
11.969011757683033,16.62004694160183,43.44008445967768,26.96770534342753,0.8130129836002759,0.0,0.9334573220024956,Loitering
156.61790949876905,229.44197153244235,192.3432748931549,740.9797655704295,0.1320308837566136,0.0,3457.526200184576,Running / Sudden Motion
5.764599886559363,8.266882493822077,26.84999692092497,54.14801375054679,0.9240544924098948,0.0,82.81227883375199,Loitering
54.29932194429407,107.9791798548306,636.3155228607524,669.8963002297169,0.0596659530265496,0.0,1573.11024451214,Running / Sudden Motion
32.77532580182504,51.713142369353896,110.78721316517128,483.8508444072336,0.0713767047287323,0.0,67.8671779408522,Normal Movement
85.96920446091738,135.3406824672103,482.65350694188754,608.4957253300443,0.051142350720375,0.0,1508.2668169221129,Running / Sudden Motion
43.97393040362991,73.69736678851771,210.7608276012926,175.4402631496063,0.2218339148063339,0.0,28.50700427021084,Normal Movement
164.4426820847482,244.88742802912972,302.2360091860551,498.44727130705,0.0423086453967665,0.0,4496.810588883502,Running / Sudden Motion
33.70642216649492,62.88384546703171,292.21838259280185,317.25221608409794,0.1519496823440583,1.5701905055565497,217.113096288144,Restricted Area Intrusion
12.932580032024532,14.161865452272869,204.55736127301063,256.669947153613,0.3629647039214594,5.253101257511824,161.60548416099286,Restricted Area Intrusion
19.51293293228626,32.156813862376374,380.41744527489766,89.352904664432,0.2405491051245391,0.0,231.51477951362384,Normal Movement
69.60228529261155,131.89589533970664,84.33779042406275,222.7721486745897,0.5949455541164641,4.085185735103059,69.80350102767613,Restricted Area Intrusion
57.869273726526494,102.8881311790618,251.1111240857012,107.4525509919006,0.3774868728710909,9.050105435990202,398.0309505405768,Restricted Area Intrusion
43.03821766029159,59.99779296962976,190.5436165822406,471.1221979613743,0.0596910913761025,0.0,299.15001321211065,Normal Movement
23.783348841839505,27.126377766061104,382.7597978231475,249.20943557320444,0.3336483568008432,0.0,207.58554708001043,Normal Movement
55.9408909432895,92.61410764036069,79.96435176105089,260.22152601708785,0.2793273631474353,0.0,296.146454609978,Normal Movement
5.720233523814587,7.119857964670626,27.73597620293386,6.519407001330955,0.9447847867724064,0.0,97.36640731733384,Loitering
85.0790826399839,100.9884776878672,255.5418496689741,223.14144038158028,0.1145408271866387,0.0,966.4725696922446,Running / Sudden Motion
38.44390347400981,53.82204316662848,217.8965529478453,167.89648598021938,0.3291743508772389,0.0,67.53105935164314,Normal Movement
31.71944437828627,39.08423925122509,126.4685813148397,252.2204905042976,0.1917668299223564,0.0,259.926181166644,Normal Movement
21.224808155222213,34.85188063596239,99.33941688520602,243.82628786574227,0.3994438060047663,0.0,65.85133873696384,Normal Movement
1.6982592451057736,2.2660677766820987,13.128623058007747,58.35543856096793,0.6668379848058338,0.0,56.27030530435029,Loitering
44.39363482602684,69.7422838351951,207.8183139150757,176.03115311808816,0.2887627118050705,0.0,58.97318206768728,Normal Movement
8.529897267724834,9.786441150361007,24.476439966523877,51.028536254443935,0.7993554298519194,0.0,79.11331233595482,Loitering
42.642683271221024,60.258076414566126,195.53923909016115,278.18989922038554,0.2327996515025656,0.0,155.28513119921527,Normal Movement
12.30157117175547,13.880329549385822,37.26405860772861,10.528405183373888,0.9180086876302712,0.0,79.2023242829773,Loitering
2.6982969705379167,3.883365898780806,35.508347024934814,47.912247736059385,0.957802126083784,0.0,12.169028737408947,Loitering
169.476721093311,231.90898708771,213.97990515654615,201.8050273406104,0.0993843064502893,0.0,4776.621381347184,Running / Sudden Motion
30.10308640932594,38.3849595399094,238.80552627318824,122.25463503797816,0.5745889637701243,2.1827687223403665,365.8787876437521,Restricted Area Intrusion
25.985358378850947,44.12508622592696,71.72013756313935,377.7220729451412,0.3997560146058108,0.0,12.170068870962318,Normal Movement
5.542065692718793,6.301889556024457,36.46356219301946,28.223902252038823,0.8390496833165603,0.0,92.32235352696163,Loitering
58.15932285169998,80.34690982736382,77.32099026102757,467.787129908309,0.3534665126289932,0.0,161.42101969061054,Normal Movement
26.06440141522764,41.98637983376421,316.55486699416576,121.0709589270861,0.1872925622774336,0.0,68.16311668325068,Normal Movement
181.33096927610453,205.4143399018016,248.2457404204333,865.2378930260604,0.0128382964067243,0.0,3044.7362772444403,Running / Sudden Motion
68.66397361518122,121.90047165389376,181.71667403318335,126.10874339469652,0.6128073189615754,0.6027532813500983,235.16556712599385,Restricted Area Intrusion
148.8663730736096,171.0822303472372,694.6324256204194,451.4502802101821,0.0251728280498467,0.0,2198.2479860506146,Running / Sudden Motion
45.23343848763303,80.17223823279231,186.11018932416752,258.5343423559351,0.3248491844748237,0.0,156.67107127539495,Normal Movement
31.802259446640363,56.00061624475626,231.75215425197453,178.63286856887703,0.0423000549846056,0.0,108.10860213485957,Normal Movement
146.06200381867336,233.15284791685625,167.1001013666137,415.8133647215536,0.0409443885082086,0.0,3007.908421809408,Running / Sudden Motion
74.86659954071375,101.17830815596976,208.88881505738888,393.6648449865397,0.1014372786096876,0.0,1859.9823383721096,Running / Sudden Motion
1.2651734165746693,1.306466927459625,3.746084812973438,49.24195604682139,0.9333527208145848,0.0,40.29627417705057,Loitering
41.210013369271984,73.9911682292583,396.6945496115365,301.2447571721692,0.2556108841058695,0.0,259.39145767346577,Normal Movement
4.541322873684784,5.297186614207311,33.51822519145058,16.195357568092724,0.9753030993371948,0.0,36.38467810254831,Loitering
54.96129412023979,89.85881638736662,127.93027642376508,202.77084824059648,0.3888280708523543,0.0,215.37350116014403,Normal Movement
15.313615209887258,18.44633300002973,70.1137346053131,247.1138758202884,0.6813682377029346,8.83377299636245,34.99936410028148,Restricted Area Intrusion
39.448912930618064,57.18104859342471,278.8717582442529,479.0007436411673,0.1140884341975469,0.0,210.903755083949,Normal Movement
26.50195276864604,32.84133697642511,240.32217226241224,157.8274808652045,0.3468953591209234,6.902003501993324,824.0340826606648,Restricted Area Intrusion
8.301470548304755,11.20666218905637,32.39387404425352,34.10401604766857,0.8442535860789668,0.0,9.409930663622468,Loitering
13.16140618824583,13.964350227884806,5.713150412673008,27.523975184226185,0.8009252388440422,0.0,29.85422487521395,Loitering
3.5317802552082127,4.408964598186216,36.4909460531902,20.204131592201243,0.7239689276416924,0.0,97.80427404056374,Loitering
92.46271900050624,178.61106266464947,573.3856992075284,426.4243970905623,0.0565192156082028,0.0,1740.884841167044,Running / Sudden Motion
41.23402179295024,62.248279025173645,283.493547001247,382.4907321811188,0.2566188813363426,0.0,239.17051506293612,Normal Movement
9.362516849247449,13.14177888751991,33.60148659236013,254.79045734970637,0.4818969858633106,7.447706721615753,232.09996465979253,Restricted Area Intrusion
9.58133333652656,10.77363315457103,0.9703075247008752,35.31159017099571,0.8377702713454016,0.0,45.954715126175024,Loitering
27.12176079981897,27.94020204977748,70.35039958363339,67.9596217376213,0.1371527874977359,8.058242003765532,299.90381269012744,Restricted Area Intrusion
1.3525796473423672,1.6456660168883908,17.63724359291467,59.03443646419623,0.8526593128696681,0.0,49.1565767336999,Loitering
6.606785178244001,9.36720989342462,30.279582179738696,10.15537264838086,0.8050180909622904,0.0,31.177145877791705,Loitering
95.99820955689344,124.0327688743132,605.4237389504597,276.6673104974507,0.0800537104297184,0.0,3827.494986214386,Running / Sudden Motion
14.993450616345514,29.33737657550218,269.68784464901773,148.74305641794513,0.0141290930249276,6.237771494203731,444.03340109772415,Restricted Area Intrusion
8.234492507186246,12.817879033721434,298.58267999061474,189.0574340241988,0.6930057542610555,1.699141526185144,398.5297998351177,Restricted Area Intrusion
72.19892730762169,97.64472807598742,577.3070463807335,225.242388847483,0.1567178541931039,0.0,3708.1066711706394,Running / Sudden Motion
28.01940612460505,35.87789371071775,259.22686719265863,252.19260305451812,0.0875426435178528,0.0,246.65624485832103,Normal Movement
72.6473727536354,136.33699620103368,110.60564180353958,281.0859159942827,0.6203121200904534,7.785335928455663,632.1914349635882,Restricted Area Intrusion
83.881063736747,147.0867860053208,467.01402709099904,477.19481396625855,0.0191796289601682,0.0,3085.3063443907968,Running / Sudden Motion
55.16194603592968,89.6234359027086,397.2146236091936,303.1938008708424,0.2639982875204605,0.0,97.71928152999917,Normal Movement
54.962641275669135,91.69014347203483,178.8516278936915,323.01590466126027,0.0564109199800058,0.0,291.98041190074343,Normal Movement
10.410675197792209,13.780667096041276,6.752540233988736,38.078140975654506,0.9624471275487064,0.0,3.6305676104475215,Loitering
111.5927877593528,175.9959559423561,581.7284752663637,647.6756426853874,0.0017009461021221,0.0,3504.2259008629608,Running / Sudden Motion
22.13355841134177,25.2645145007488,156.36452057604072,219.0439285832095,0.5413567297423583,7.243417717545838,912.920866047508,Restricted Area Intrusion
34.10617625852842,59.21050833761412,292.0837653457192,356.9519353598905,0.3388522283559971,8.221764190365484,79.6271532889379,Restricted Area Intrusion
14.922347601213351,19.06788414353071,34.469022683507404,53.259667561520736,0.9397734515048004,0.0,86.1825099441743,Loitering
43.901358835559705,69.50820348128543,394.2156383222084,252.97424492640897,0.1613417612996513,0.0,277.7706206404856,Normal Movement
20.017386689178977,32.633438014311025,181.57329402029748,177.86423839399205,0.5834453160904436,7.1348151590871005,32.51404880478121,Restricted Area Intrusion
87.53753404227558,113.54622122975108,367.6717454481736,402.934639750833,0.0062783239839795,0.0,4322.6221875853225,Running / Sudden Motion
35.57706819583993,40.63787961838321,207.5018066761974,97.07679032073489,0.392920138386031,9.816442733401772,554.8066780492019,Restricted Area Intrusion
46.73725842649432,53.60805485471782,73.17545271966603,354.56679848230664,0.1356063430293041,0.0,200.0832238888004,Normal Movement
8.687414415441246,9.074994476275048,44.86732696392222,244.5326276137949,0.2437524978284558,2.8095162852610325,227.1134922192193,Restricted Area Intrusion
0.8820158673524647,1.2089997914565531,42.00285042609508,74.02717709711037,0.685618960712932,0.0,93.97202480228,Loitering
2.355169862276878,3.271687269721675,39.9003927442293,60.995072304134126,0.6567979758205592,0.0,27.313321260667355,Loitering
6.821539387133904,7.104915597111004,28.962709794727274,35.6387502601891,0.9338145633168862,0.0,34.03444639263877,Loitering
2.8003817742189794,4.11334837564892,15.089666998029678,24.13898842201566,0.8989069793679552,0.0,65.64487180661818,Loitering
20.215448939366222,34.76178031036582,226.35016488247123,139.4883665486201,0.0610760535365682,0.0,209.38484118186284,Normal Movement
4.414844622522504,5.173416306152413,22.637543713542858,42.93002653882667,0.9945099041236436,0.0,22.33225881619405,Loitering
205.054056594662,244.3125937268972,491.8351311264726,608.5484723843665,0.1206373386145341,0.0,2998.7860277030045,Running / Sudden Motion
135.96313997863126,242.32507176851595,530.5227106847826,554.081767589568,0.1062998663664757,0.0,3708.554761843028,Running / Sudden Motion
18.34870919932127,32.179690308673415,88.86148654348514,123.68711484192632,0.0764556445382093,7.345761341156781,302.8861844730691,Restricted Area Intrusion
21.85404462209258,34.6916406680566,211.69313369517045,240.02891496052263,0.1206048356591506,0.0,192.7819520044777,Normal Movement
7.144268146255216,8.961745453441512,35.90029285438897,24.75067690517198,0.9490714077279336,0.0,2.078682447584157,Loitering
10.227250884694785,11.256135325425983,19.210400160224644,15.9904229420249,0.8434628654253644,0.0,72.93504449521396,Loitering
51.46334506878655,62.5299755949964,139.9437887367143,377.239242357824,0.1667798502851248,9.25504380935764,994.2675996430868,Restricted Area Intrusion
48.45099457884572,78.7589497634463,179.7134886606311,98.8801128920011,0.5061424179522962,1.1958100382068548,595.2880117014257,Restricted Area Intrusion
2.216301676081611,2.607929913207572,19.239731749785367,41.707242444381,0.9249054078169596,0.0,0.6090279675126764,Loitering
52.61383370711818,60.64257769748713,311.5425719730915,495.1479138094106,0.3386392865151267,0.0,178.10276859991723,Normal Movement
51.524734360310255,74.62160549608234,284.8403934113133,67.64647624040308,0.6160010548383519,8.101224290091428,425.5411945609387,Restricted Area Intrusion
54.278653144838046,67.01299375912723,135.07129321103758,355.5510292199266,0.1156334326552766,0.0,223.07028792636817,Normal Movement
111.30676077138916,148.33219963889093,415.1329440536631,792.5467423773789,0.113808355431687,0.0,1875.5233562680407,Running / Sudden Motion
141.19460324963794,159.89515187034152,430.0651093589913,528.6426721899022,0.1492547627000618,0.0,2267.8071116603896,Running / Sudden Motion
127.9889816128636,162.48417828586267,567.0406801026736,792.3826043887216,0.0749606241634894,0.0,2038.9658459148768,Running / Sudden Motion
86.0711739940312,132.7053295409549,382.3656097558314,723.2736069006882,0.1851394533539169,0.0,2014.3365851321155,Running / Sudden Motion
14.25051694806202,17.69388704374377,5.411521841843409,56.587012203216936,0.9871827724014824,0.0,90.79452465442571,Loitering
9.892009125082172,14.73320119583194,37.23516471211924,13.85981377093055,0.8163667079841586,0.0,58.87707829895721,Loitering
62.089966814554685,63.50339036421458,49.15252908722789,89.89008330121288,0.2186928358107558,4.328378543729095,482.2457318249318,Restricted Area Intrusion
65.39721086677267,89.33604149623447,182.33938172535957,160.0447950110875,0.5490490923216175,2.132395821372442,224.5049971516966,Restricted Area Intrusion
41.79947115924549,52.258037855271205,168.04310680772153,201.1280277494116,0.546353138625276,2.780856077704025,207.9853323484361,Restricted Area Intrusion
7.851357717673386,11.412723266973105,43.89954404963522,65.93808267876244,0.8305646136855475,0.0,25.171064174943226,Loitering
17.99514856298302,27.28250888237627,109.6989030255174,426.35895999166337,0.1241338695696297,0.0,51.72286056163136,Normal Movement
23.34188727611185,33.25471243266453,158.4061005527421,414.3453880028658,0.363041956556193,0.0,242.78897553362603,Normal Movement
129.267212540947,160.97116802626618,682.9018659372571,871.9057502480605,0.1641471572849961,0.0,3247.7391470617345,Running / Sudden Motion
54.00606472178669,63.72028949131938,309.0205910178878,264.83725380149485,0.2212415209645101,0.0,199.68969874988343,Normal Movement
98.09971874163494,177.9055186144222,168.953075228085,356.96404379545913,0.0521621475420542,0.0,662.5373301284247,Running / Sudden Motion
34.556975479831,53.78390155975399,169.18645516821962,372.1511529829696,0.150054134833094,9.317505299240926,41.02763104525695,Restricted Area Intrusion
16.20424651291559,21.72547264934919,213.76806616489935,46.36562291376161,0.5809850446135566,9.637338834725552,611.5608305561709,Restricted Area Intrusion
17.203366942047566,21.74805961394732,271.44524294758355,440.4126279424257,0.0018000499758636,0.0,159.24250921374144,Normal Movement
71.31900241065333,129.78361611455898,275.3728235099146,227.4994581516926,0.314122363712615,4.165679273014548,55.9538950333928,Restricted Area Intrusion
19.47793392894557,29.691683978862653,82.55995328199756,181.34324970960267,0.0242828738407646,0.0,169.17740081190445,Normal Movement
8.893039105662258,13.618614422799824,68.10940391423281,260.0342747039706,0.6926798502504129,9.020368506472956,925.59997699029,Restricted Area Intrusion
11.774428699322666,15.040804757976192,15.356564683101444,50.63377773453184,0.7662354157443516,0.0,44.83577573284588,Loitering
9.993257479580697,14.318774200096994,7.07156440129314,32.4579246662337,0.6670336091942923,0.0,2.9631885976391104,Loitering
12.78268792511176,18.102627624921663,36.51328811400233,65.13513624919179,0.9771391297535936,0.0,47.52073785262926,Loitering
85.53888380509338,109.52764796055266,586.6354774403392,470.223473533504,0.0047384550632622,0.0,4200.317708477004,Running / Sudden Motion
57.64814016556103,92.49493815358628,127.10475971208884,229.5220001079374,0.4923369976007411,5.292526387868828,148.78644138929275,Restricted Area Intrusion
1.301186524320061,1.918972170837964,23.152340337629035,52.26766212297413,0.6581411540426187,0.0,27.87101805563399,Loitering
100.73513668059488,180.40791140034096,430.362045325219,279.40205795619966,0.0971084817710274,0.0,1971.03584145245,Running / Sudden Motion
46.41543527903868,78.28363042982207,73.65144184600258,164.74848650200326,0.0499694717222572,0.0,156.3139871559661,Normal Movement
78.82385344764805,107.82161709713064,238.02459992650628,569.7684388444611,0.1105091773900637,0.0,3426.109820713208,Running / Sudden Motion
207.98652422396992,241.6317314344541,176.91353253921372,786.8182053245952,0.101774834818005,0.0,3688.63670884362,Running / Sudden Motion
167.20537182542083,214.10480058942747,450.0204051208065,770.7399108104488,0.1680168745296265,0.0,3186.7745552799647,Running / Sudden Motion
154.11463479681967,214.5989942179317,547.4818761427414,489.7401880749275,0.1578052243126257,0.0,4247.8283231404,Running / Sudden Motion
16.090320933941317,28.302179917955133,96.82476120425795,133.28067414392106,0.0586187306040562,0.0,294.57019195804907,Normal Movement
113.35387297254944,193.8555218821652,159.9037724388372,730.9879359502094,0.0868009353301785,0.0,4765.862190664474,Running / Sudden Motion
9.266789045828313,9.289886356720642,9.215500104492868,52.66559697298087,0.782901764268583,0.0,92.42803836790608,Loitering
94.47364730601512,135.24011295764936,561.8131587595079,330.7081314136026,0.1985303588999073,0.0,1310.6964997893756,Running / Sudden Motion
59.27083083597904,104.96518486246372,188.6459805600317,243.7381960577656,0.0347809183735818,1.0652155323164345,730.0157633373399,Restricted Area Intrusion
5.814963349502482,7.186110820110192,28.153867948754257,270.706669316118,0.6225013050849831,9.978992268403356,454.07132286427645,Restricted Area Intrusion
204.02429724337355,231.13679402682772,289.26860370681595,344.81805163074694,0.0427843704615094,0.0,2304.6547306419816,Running / Sudden Motion
38.11029592496779,45.33017181631528,62.94931903309004,189.82864705758385,0.319182205319261,7.466468799691908,447.6641599365077,Restricted Area Intrusion
89.57505562015848,125.73662352228322,358.1131806888208,536.3145900007537,0.1526375152152003,0.0,1805.6922879841493,Running / Sudden Motion
56.98200563040773,70.81167738346588,239.704187840434,429.7915629578352,0.1212808306538366,0.0,137.54462231933536,Normal Movement
3.642013953679159,4.601724782388867,11.17223083649194,7.816686756525586,0.8977388564594432,0.0,54.89812739351246,Loitering
52.26890336202011,83.77897101480738,259.29994039213045,215.43459380434663,0.2789094647319716,0.0,287.521759542926,Normal Movement
131.97803087113417,153.73571335098347,659.8163374464748,880.9851638226259,0.1536634469685565,0.0,1488.7508517420736,Running / Sudden Motion
54.40296565812113,72.47233756901444,151.95905808219385,265.43492446515256,0.2998138571926271,9.640284390343488,708.3876887534802,Restricted Area Intrusion
53.23785861305522,95.7844919324411,136.14152630194582,200.49481369665105,0.1001732346927553,0.0,86.23268632633696,Normal Movement
38.42058496952525,54.73292800243596,294.6431016566763,148.62451406277088,0.2673322963180615,0.0,119.25286228371417,Normal Movement
34.54101613334882,52.462618729016846,165.59185476039397,203.98753352440767,0.4290642331254795,8.913452888748912,308.6965551563157,Restricted Area Intrusion
14.387558086005724,20.773340331027,14.156753819375556,66.271104819211,0.8900535558990865,0.0,51.18223889047572,Loitering
36.79058021584518,52.12180040458726,188.1738459769544,255.28175860425267,0.4516554958858336,7.130079044766171,112.32050566772628,Restricted Area Intrusion
57.64760955230364,90.38530301071398,537.6357884371179,475.1792981064325,0.0438348279306451,0.0,2641.6302021900465,Running / Sudden Motion
67.09795748650882,90.56113797423112,233.87819499520987,230.9248955874383,0.6363343983920452,8.126831527387694,50.58581210401048,Restricted Area Intrusion
22.32921752495497,35.26215408974959,175.4224364310269,481.0573245794392,0.0974386981434429,0.0,38.68810648039848,Normal Movement
30.16682730311445,35.35739762649109,150.0636032500191,184.98412355605456,0.3438686275574009,9.31584230052658,483.5411419758829,Restricted Area Intrusion
11.422546440253942,15.792601466139088,89.7263456310116,83.96840188527642,0.1022895128909975,2.933954214436275,541.481265742281,Restricted Area Intrusion
4.317921007361739,4.456847918329475,17.51150982839431,18.20730719512941,0.8817308938899542,0.0,87.90038848027194,Loitering
8.861606229563023,10.458387298823988,14.437051761990144,20.21898372961502,0.9691550539334568,0.0,79.94657824269527,Loitering
7.598171674845081,9.447224492582489,30.04246882035147,37.80834503749377,0.971815657978532,0.0,83.99340941971883,Loitering
10.378194895004237,13.280157316491742,0.0496232025314458,7.63180744421061,0.9968030454371222,0.0,78.22839235035593,Loitering
2.364022699327176,2.486373011276388,25.14976266188009,55.39156893241189,0.9284338203817684,0.0,58.96248529053164,Loitering
168.8363629637463,212.39794860819967,202.33688537262023,616.4960605819442,0.1316387490659759,0.0,4276.49996812506,Running / Sudden Motion
110.08533344593133,152.642306412821,277.8819480929864,355.641626779636,0.0762779914736159,0.0,3556.9016981361087,Running / Sudden Motion
74.78281022026195,102.30533288086632,219.25638581754055,773.0630665498605,0.1879149975204489,0.0,1361.1419554177237,Running / Sudden Motion
100.22462762613236,176.05542578651222,478.7009929279136,597.1512817002423,0.1547225246083182,0.0,2190.9076913075914,Running / Sudden Motion
135.18547807308747,246.747621590829,339.1009364204456,345.58044886453274,0.037357919111423,0.0,2760.31128868843,Running / Sudden Motion
30.15854447249709,45.975313397923706,283.88346125371925,428.4300718159961,0.0097803363528059,0.0,73.8457884341669,Normal Movement
50.53835105651351,98.03832739378144,103.56319321245375,169.39922539473483,0.6953333110222026,2.1741105694619,86.19848669155103,Restricted Area Intrusion
157.196131965687,230.92847008604477,306.2364057117579,646.5466247205763,0.1909409823812063,0.0,3799.022851941862,Running / Sudden Motion
11.690363171787082,13.400631680505253,40.19413701544367,29.605335692070582,0.9320967038349384,0.0,8.680044335072335,Loitering
8.769198183237567,8.810570066022525,28.491994411600423,52.52028394563957,0.9703414380404248,0.0,41.37216736641886,Loitering
194.5527004879573,217.66804047334227,460.7872807898171,255.34702002452545,0.0205805948447271,0.0,4861.403176929431,Running / Sudden Motion
30.1652882804645,44.03092121008917,146.132342800902,82.9447614183019,0.6835419994963203,0.6471753564872165,19.972215369224852,Restricted Area Intrusion
32.48046028778701,63.110206183279374,214.5791011179344,264.2453841155759,0.1640928113597364,0.991678887684006,443.4059999022874,Restricted Area Intrusion
109.849112304136,192.41162713489257,170.46332102839165,754.1817016241212,0.0334076414882572,0.0,1001.1459563441106,Running / Sudden Motion
95.78687757753062,147.00849356292966,669.748255341886,243.8932111822231,0.0238122574764598,0.0,4074.466668120137,Running / Sudden Motion
1.1054374820751012,1.1113812633284603,6.148538631602629,16.700626087063227,0.9576251615317024,0.0,42.49817022212808,Loitering
13.98708077004112,18.50483414826851,47.53244395744678,66.30421530623644,0.974743376329126,0.0,60.1000550935678,Loitering
28.685957908706328,48.52469056518085,105.83514449395436,358.63813953396084,0.2875270089771389,4.070931648090205,914.928056791,Restricted Area Intrusion
105.95938930562278,195.48573782709607,164.78930217064092,423.50316971210975,0.0383719447466082,0.0,4950.113043804362,Running / Sudden Motion
14.798851138831363,19.621047599074718,34.996118039886234,29.13718772724418,0.9500055084070622,0.0,21.77983352203149,Loitering
4.764828312078112,4.962416743487657,7.926501455972917,36.27896625471109,0.9578133994564568,0.0,5.729074672228585,Loitering
41.03166566090046,47.71959241269364,206.76354549249191,254.1197568123312,0.567049957688342,4.770528086301624,285.86204769725373,Restricted Area Intrusion
23.554315918385274,31.748419602421443,283.8108073400928,122.72145847371044,0.5607189305416901,6.84002051011533,537.3028412005068,Restricted Area Intrusion
106.06089623587864,121.50242302240554,556.5794133954623,361.4707786924805,0.0222766179038576,0.0,4775.245557421406,Running / Sudden Motion
126.70887576902612,191.6181123159954,234.98308948588107,480.99283761043534,0.0664830267815567,0.0,4428.113875771406,Running / Sudden Motion
26.15761462473981,45.5093852894288,331.06914537255733,487.3133572553022,0.0403046084485492,0.0,181.73183561664413,Normal Movement
127.76620046256946,194.25906999305312,597.5174421374518,603.1434934259362,0.1691089285108008,0.0,1452.5944746913758,Running / Sudden Motion
50.230737337727575,62.67058397606985,371.9145003504884,437.4187904219091,0.3393523016244324,0.0,76.02173257177209,Normal Movement
53.82648944401297,60.30898647141669,41.622278277227,286.37314989289706,0.584349802346827,2.0089941619289826,83.40712188638427,Restricted Area Intrusion
49.654082317149125,57.861387396402456,283.1180803557002,94.35535258986928,0.3080747797776731,0.0,241.774647281126,Normal Movement
122.20115264090136,143.1911726452053,224.6822040946266,794.7096798750113,0.0510153522684664,0.0,3748.768637414038,Running / Sudden Motion
39.55540623364715,58.55967919171904,365.6333359489746,488.1576038316188,0.2819353292172724,0.0,150.05213294681732,Normal Movement
0.9282821553836468,0.94011847876296,29.980944975643453,10.367337504646386,0.9766859248957256,0.0,93.6906540022678,Loitering
49.48694004240634,90.68573432756014,298.13371474295167,149.3343666059745,0.631368124609858,8.157483282609189,77.32662341635756,Restricted Area Intrusion
9.948145818005704,13.903242177793986,283.2131393026528,215.62048846701796,0.1544607608520151,3.85973591180406,414.05817053285824,Restricted Area Intrusion
54.97644538782782,96.25092627631986,93.94255944010868,125.10924164120244,0.0461305752443951,0.0,189.67508432999048,Normal Movement
201.0072388970457,236.99910738914477,318.2060356156547,500.0182734889459,0.0073084398159132,0.0,2994.3194336562574,Running / Sudden Motion
9.134196044161593,9.44736866052402,179.21108503254453,105.2133123948955,0.4230129144851347,7.923518771198185,146.7286635730241,Restricted Area Intrusion
41.55341529112391,48.473489965873455,269.49633800820123,151.9423477189713,0.2259802445889767,0.0,176.0048490698164,Normal Movement
14.40339006784452,15.324360000160732,17.45021127777253,57.36084808631425,0.7275454747850756,0.0,32.47706286344808,Loitering
43.23555544464289,81.10124862681612,190.67526971469195,215.07678528885248,0.648176093327448,2.136075854706662,83.85826507610885,Restricted Area Intrusion
14.22824346057427,18.006197377081648,118.9034447145672,394.842217712142,0.3014351745404005,2.6862728887816862,574.0336577386889,Restricted Area Intrusion
28.43038786309133,30.696732703238627,63.664869658623886,63.87669959736899,0.6210483517158745,4.078665849422228,528.1151190844281,Restricted Area Intrusion
26.55247926908248,47.23261501584978,326.80548708945946,486.38907091893833,0.3352546219321217,0.0,51.21013849697637,Normal Movement
11.848589726033811,12.230454562009689,12.694554396119283,22.257736554300447,0.9948775967588775,0.0,70.60985823927602,Loitering
66.6205870779192,110.47072760507858,648.8253727834093,563.0428727426804,0.1593783477681577,0.0,4288.571709271715,Running / Sudden Motion
58.27919083907126,95.53146613091704,563.5488361071193,604.5618999867377,0.161233499351206,0.0,2987.8273952753657,Running / Sudden Motion
42.604610043760175,68.13163805924027,218.3918913735436,232.54843289000092,0.5513854133663373,3.5292398813905983,860.4005391636952,Restricted Area Intrusion
106.30078709778331,199.92873332058136,649.3172260793888,650.1557743827173,0.0912621959210407,0.0,3502.6469055809216,Running / Sudden Motion
172.29790236887914,209.25690644484217,693.0370899952107,459.2292324553253,0.1494182525871546,0.0,3252.252095248725,Running / Sudden Motion
56.72916916557808,105.17792481779011,485.9893775665625,568.1056616737593,0.0910926600346284,0.0,3644.454492650637,Running / Sudden Motion
74.83770672303119,104.46484091888168,121.07345843177626,311.0205294571608,0.1847805508444157,8.430105270089275,85.29104521112248,Restricted Area Intrusion
34.72738163628868,49.77753831857161,398.19859463790846,363.3309403311901,0.3258553772471531,0.0,271.7406510735773,Normal Movement
186.4828897250307,233.83127365322392,332.73448347114834,551.5945382662525,0.1323518682523937,0.0,705.8220929623934,Running / Sudden Motion
67.72965194268167,114.53064376336852,217.878565936618,225.39129142034787,0.6131850304208111,2.66394332097959,407.6751050993914,Restricted Area Intrusion
1.4747488668879667,1.5064247230361805,36.068443875692,62.07661797361224,0.945070384338013,0.0,5.681767839998142,Loitering
9.132117138083911,10.352623081358615,11.09761257235336,13.543044111426656,0.8807599685707584,0.0,78.09189910307799,Loitering
36.33597037905766,45.70756246071984,254.6356972615193,317.6241981814068,0.2808008724441486,0.0,197.9050598383509,Normal Movement
4.689166016763621,6.244182628922109,11.8571431595546,29.256444347060604,0.9511503772719694,0.0,25.05090360889951,Loitering
110.1564527881788,148.8342087731948,196.6607952697944,467.858852669896,0.0522344168033181,0.0,4789.020972253498,Running / Sudden Motion
33.91001155645972,41.76604429669547,175.268032812741,375.5866317068943,0.0817438180846555,0.0,37.139054148128096,Normal Movement
141.68549068732904,158.08703488795544,538.7280416301373,451.4291144474142,0.0743004747653445,0.0,2495.5064688738453,Running / Sudden Motion
30.97910292730665,46.744823260169056,292.79531738531955,184.4337642928272,0.5651032973616686,5.496896618572713,231.72223301476345,Restricted Area Intrusion
38.41238016332561,63.7610665894173,166.9132351930284,431.7005921849288,0.1976566586069693,0.0,43.59845005722784,Normal Movement
35.08067070697928,45.58769808227876,20.939935888363543,117.13842539386172,0.2363574912152115,3.479436498003296,787.6999415124351,Restricted Area Intrusion
22.86633238048523,28.66765157601885,217.73357727741703,475.8787281320219,0.2936585383043672,0.0,72.42068697195344,Normal Movement
20.846467740096223,29.87285169296749,137.1491786773006,361.3218777666543,0.1748607675489323,0.0,251.47667685677283,Normal Movement
13.584260956012317,15.476660979487354,32.39499600626501,8.037421395002578,0.8234788911016662,0.0,65.45699662789818,Loitering
11.313390686036712,19.20099131600379,291.22989631260907,242.2507404535791,0.1521214183890748,9.988161154855025,182.93051989326412,Restricted Area Intrusion
13.257558541479474,19.306866816494207,44.02624881796594,15.738406286453584,0.7942366923133757,0.0,74.58851622950232,Loitering
6.564178359825762,8.41799541907017,6.935380157940463,26.99551200563334,0.7570800487507012,0.0,26.129820102416403,Loitering
55.16179517443469,69.55701651365322,117.93311311393246,349.97758102010425,0.3887977370807081,0.0,81.70440625896339,Normal Movement
59.3981662886234,74.58850938323297,337.0578205130267,150.83085035809103,0.1134404598422295,0.0,131.30042257622637,Normal Movement
179.803706058417,205.50466895647773,498.87665957001207,217.2727880030491,0.0999403719392567,0.0,1273.031212351642,Running / Sudden Motion
47.036301476486045,70.29416582830777,228.50572658838863,103.1881818173518,0.1393103533845825,0.0,260.879067254088,Normal Movement
11.539949392772284,16.68699482846355,27.28204370071112,12.91740968855926,0.8370466332846461,0.0,85.5605460596945,Loitering
33.2167054979058,40.63969585643049,124.90088547406172,64.6886395480607,0.4144056214727012,6.881534806946367,793.9221028149672,Restricted Area Intrusion
169.78572152801365,191.9839614943897,385.74905750342816,881.3287068379856,0.1335594474689566,0.0,3271.39925809244,Running / Sudden Motion
59.4481606284906,94.16839238040112,522.8297614604912,276.1019277804515,0.0125782484639057,0.0,3469.5858632820077,Running / Sudden Motion
14.643012965371335,14.88284523910181,36.61592110839075,62.97477696435705,0.6735069673851951,0.0,17.18693642313516,Loitering
43.19176940725122,63.46353419473528,140.71859978338725,283.04284351510444,0.426113881031026,9.734511087120902,147.51486857273937,Restricted Area Intrusion
55.388893778915495,91.23589551060836,94.75648823524418,217.50468697146653,0.0161489674425294,1.7344874997040651,523.0683541331833,Restricted Area Intrusion
54.16332205537203,97.31489482341992,214.02088959618467,370.7566438642559,0.1578389304376847,2.419950994962618,715.4161463256708,Restricted Area Intrusion
9.352980927929176,14.49440182963886,127.18163823189316,202.03019896613307,0.2973299823869212,1.9550122340792095,228.07867045547667,Restricted Area Intrusion
40.23036665078317,74.54247965435489,274.0866487140537,352.8194141671922,0.0450695963053089,7.690125129742255,922.3122992359712,Restricted Area Intrusion
46.55003656174671,91.2636101311445,635.2188090208774,651.6970694327542,0.1526145038127724,0.0,4049.670404210395,Running / Sudden Motion
5.095530968816787,5.214152287647604,213.2840569711448,182.678686091836,0.5876296644485863,2.143646390119489,23.688644911768943,Restricted Area Intrusion
40.73288894344991,49.18520149762689,311.5218090324911,111.50726908764778,0.2919123068175168,0.0,256.20374256120766,Normal Movement
51.62620576693067,83.69670585596256,213.9758563420861,469.3185798876551,0.1577703718290379,0.0,173.9851157201089,Normal Movement
4.094097176623502,6.130508122582193,45.91981056951499,21.130685611725067,0.7585008511698765,0.0,46.37045822685515,Loitering
57.08643468730223,97.11319622982089,338.3392993140107,899.6425830062101,0.0605383094953837,0.0,716.1417346431979,Running / Sudden Motion
50.23720809813988,97.59713244451667,366.0850976049711,851.169412810676,0.1461417086803129,0.0,2136.78544303141,Running / Sudden Motion
7.659059930581298,13.931428294893664,87.49998402373977,263.7449233995202,0.3842075552418688,0.5422706171444469,994.4001936403648,Restricted Area Intrusion
26.47981189623213,40.721573844053445,168.9669949705255,489.9739240905173,0.1598704540654547,0.0,208.7740390206941,Normal Movement
57.50800738932306,101.2005696737355,492.572543512063,413.9638389777301,0.0429443885171267,0.0,1606.9246035541787,Running / Sudden Motion
3.2761699967931897,4.705809102487048,30.16023300254248,18.234323977167463,0.8448307902406071,0.0,25.57806534249932,Loitering
29.125201641089514,47.17947133944298,64.99216681042407,427.4128382986883,0.3426192094298232,0.0,117.95585622554896,Normal Movement
38.88667125744022,72.63370634501831,289.4540423904386,342.34091670388534,0.5891597343932639,2.3906435540768816,275.9912910446328,Restricted Area Intrusion
70.3459486779883,106.64395671787136,69.40296656954001,151.14412703782995,0.5605199211415823,8.767154290556942,524.5162530650792,Restricted Area Intrusion
22.87400268693697,37.40742118551709,182.59213766378912,408.759766183563,0.0825091613621383,0.0,64.13201007167464,Normal Movement
59.69610348794991,111.99821696403608,225.71681546846483,267.6047354396849,0.3501240065939089,9.88175625021625,959.5731757601706,Restricted Area Intrusion
53.18522199481311,82.79934599938004,333.49322150200635,303.7433559476109,0.2531670517070483,0.0,93.5651281129139,Normal Movement
46.08561778331132,78.16155258276716,29.025684144298992,196.03431768390237,0.4789063558900878,8.952444384621076,306.2377995956399,Restricted Area Intrusion
10.593661675248702,11.02504872137771,23.498269706218345,7.116464913299623,0.8865684971354477,0.0,34.37100769970696,Loitering
2.423260896767906,3.133442278579701,5.938856154778921,64.18565299016947,0.7484603108558591,0.0,69.52148230600186,Loitering
31.787726440112387,47.54027851245903,151.91620798777137,147.44709128566586,0.3099631613525312,0.0,154.01123886542166,Normal Movement
21.04651109908777,28.53412152575828,82.83666740824074,164.83119582928825,0.0070675123999648,0.0,141.45117578504738,Normal Movement
7.766096806112449,11.056400287325973,1.377381064572808,63.28645620552573,0.6908114159489808,0.0,84.07780989404321,Loitering
205.54769900754684,236.2129743188337,314.0186841537451,788.2389646094908,0.1072471070044193,0.0,4220.284132732112,Running / Sudden Motion
8.57941256712208,10.193546440537,29.03388342546202,66.19482966494371,0.951433069706459,0.0,81.88438849424412,Loitering
15.889490040421125,21.110503007518187,127.25534806812696,406.8235974684852,0.3442521605584521,0.0,81.53730939558272,Normal Movement
4.282634875356243,5.252827521346512,42.828758857459526,59.64452319034241,0.815068334888626,0.0,24.45628432858732,Loitering
10.576889189988329,14.78291325666526,11.41483542285528,49.41327086613356,0.7040556252198851,0.0,30.3582651594387,Loitering
77.14364422737641,143.50271212842546,177.0937282354207,178.61166422665028,0.5157776845874963,5.513417673196973,976.0925235759628,Restricted Area Intrusion
19.337593296907468,33.48926326382338,214.96393854342776,164.99261321399672,0.122382649660261,0.0,177.97367499314984,Normal Movement
15.557874626210818,22.66493364052625,232.44464056741583,263.53550109080976,0.1358868216648307,0.0,82.44956546481939,Normal Movement
173.57538641804572,203.54039858620573,505.4739243709122,363.1274544190081,0.1088218229443373,0.0,3926.124634586226,Running / Sudden Motion
50.45067827874927,69.01391524378836,393.1927035626538,451.0825312979572,0.1205281430650461,0.0,233.356002925978,Normal Movement
9.764895092621174,11.957414974782852,250.9258551951882,329.58467388904376,0.5978880304465432,3.59794895109278,532.7675484627072,Restricted Area Intrusion
44.47481658906588,79.91629579531742,65.3731013155207,314.1850686670807,0.3004035011530231,0.0,249.7647001240248,Normal Movement
64.08169427154499,76.5827767663994,188.8764630499,162.6987063744807,0.4173215554633828,6.917824818003853,353.59798007871706,Restricted Area Intrusion
110.55894660655976,171.44391492077554,691.6171915175324,298.69113827766233,0.0821859055057313,0.0,4442.844511266905,Running / Sudden Motion
8.477221690438308,10.801098756474303,12.53044372015299,38.957880883461335,0.6807082240789224,0.0,72.12701459238856,Loitering
31.814597799316957,37.09985091412174,313.9084678586688,190.23341668760315,0.3747252602135117,0.0,79.88146675164857,Normal Movement
5.871729953802604,8.211530350919501,39.19757901027809,33.16697318431311,0.8679499049307,0.0,22.75488688194881,Loitering
1.0143001144394248,1.2547177514725767,42.012551031390586,10.273335392334152,0.6563808755461443,0.0,2.494771870665069,Loitering
10.415745206303262,11.669037848555428,38.63980842375843,26.485788604548496,0.8673022976545455,0.0,79.92163802511801,Loitering
56.704622617004695,99.40012630094284,193.10727304042555,218.2902330310632,0.180418600074102,0.0,174.70092682426284,Normal Movement
5.812508033081524,6.868837844055208,7.4867104133385265,49.76280009128348,0.8609325436912774,0.0,34.03006436665284,Loitering
39.76455775639377,45.91650456897568,348.92832725371227,337.80786743978484,0.2458946976753156,0.0,131.003546859019,Normal Movement
4.770962206630192,5.596850247588605,29.257391082065165,49.73243509181314,0.7601449697729966,0.0,33.03178857754252,Loitering
115.6660647836852,171.60258917655034,525.6787193712983,296.03846586086576,0.0871379308095746,0.0,4523.487969390897,Running / Sudden Motion
3.075758977847749,4.315645847679383,5.29072638423414,51.082062112862445,0.911163455215294,0.0,75.10811604828712,Loitering
55.5853576403872,94.41517327636429,167.0214178510772,84.66405621953055,0.64343016072412,1.5929282822833453,632.8804470234063,Restricted Area Intrusion
107.51831451754144,139.50558997786024,224.78316453320448,362.9120353706562,0.1422752407504965,0.0,1287.3872267861052,Running / Sudden Motion
35.02219924621528,51.9341198681044,109.89269929060184,221.24004877949196,0.3950589791025847,0.0,14.70683233931672,Normal Movement
11.88637650502768,14.80628588898827,35.22291440167085,10.869425576267766,0.9153073791026074,0.0,96.18330071923675,Loitering
57.09216163049226,81.49039297491686,126.89234145521463,238.4265128108616,0.1576427930372474,0.0,48.02152097760376,Normal Movement
107.6585430409023,131.8010162577261,258.279054710402,369.5598876812122,0.168317719350614,0.0,3861.247113208529,Running / Sudden Motion
35.169723940702475,45.21593516055971,193.529904114596,258.5431054367687,0.351764693395074,0.0,88.39888145301532,Normal Movement
31.229580050261443,45.56137995433773,310.4799340839549,452.2892124239572,0.3684228789180767,0.0,156.05354830309878,Normal Movement
38.56888269229367,45.17073114886002,343.3759082881103,101.8239839153438,0.3699367476072248,0.0,38.742811058163895,Normal Movement
23.271365574532524,28.298610326702885,75.28784244960134,446.76077326863,0.2774021697424242,0.0,21.584475029111683,Normal Movement
28.32147883095116,38.51372330560758,197.6506879050215,399.20628813249465,0.3089411950698272,0.0,69.9759229790692,Normal Movement
4.889454041689973,5.552645097293866,32.4256149202569,8.977427875391335,0.7691273223489055,0.0,68.97519659404749,Loitering
61.67089353255941,91.54608860163972,199.2354094860667,450.42679333897706,0.0447485587139475,0.0,4631.925578475268,Running / Sudden Motion
95.56317615835373,149.88814354279555,153.10171665238434,887.5434122461154,0.1213011664746097,0.0,2370.245945265272,Running / Sudden Motion
118.5566688394944,191.9161955400808,198.84554773215984,779.4004333217803,0.1886288614783031,0.0,4370.018275658555,Running / Sudden Motion
144.7073463116511,195.39883047125392,598.3961373679224,247.78417388633045,0.138177359286257,0.0,3748.599138471668,Running / Sudden Motion
13.075726469420056,21.36578905268903,269.23710210750335,123.49682732363073,0.228784272446739,3.4016968956810194,568.6210746572834,Restricted Area Intrusion
12.438317118046788,16.133094260175717,12.242737359685796,60.92562504952249,0.6795683134869752,0.0,77.44178344487831,Loitering
64.94653389962473,97.83763699651642,146.7416909676544,185.58914129844013,0.4246410465086418,7.383495757438132,897.016849567315,Restricted Area Intrusion
53.42929692662531,70.82325645705673,245.14645669405547,285.72618755883434,0.2528810000459449,0.0,106.89226741803913,Normal Movement
81.44268419815246,152.3273533119597,611.246490850669,592.5101504280348,0.1009330555694344,0.0,4861.641167972125,Running / Sudden Motion
70.17440069894167,121.94590842000524,58.40047093554931,41.18314313836366,0.122788752937965,9.40844416282144,818.126872546498,Restricted Area Intrusion
12.355117347368465,12.95565412110854,3.164181670101851,61.89506728596946,0.8377087176737353,0.0,41.454802409031885,Loitering
97.15967535998048,183.45268675926596,677.1336420605571,413.5453715229741,0.0717945227566187,0.0,3343.9711157910638,Running / Sudden Motion
58.30773056405246,107.8432252919037,22.431407569883604,93.04635099699884,0.3297327964313288,8.580133680884044,965.4656930117042,Restricted Area Intrusion
1.1495799217632223,1.496830197947186,49.32955379245456,55.398840324345606,0.8987665372576754,0.0,98.45850415432812,Loitering
58.94371798868156,72.5325029025326,162.47621648486313,93.04923202933276,0.1567350839640211,0.0,68.05319486960927,Normal Movement
87.66582530460008,100.13887680811662,626.8136091687497,349.93133850625213,0.1398737359724091,0.0,3099.2896827066656,Running / Sudden Motion
59.101985362169,89.5883803760875,218.63599124378703,297.3512613872022,0.0464512165222733,2.6147619825340684,22.8378798745972,Restricted Area Intrusion
85.87443773252649,122.70754206243352,436.8179120505524,313.2805413852272,0.1445057644666481,0.0,991.015522393055,Running / Sudden Motion
55.13602983758099,75.89469779395081,109.50572828711223,338.6670183867456,0.4588832570828937,3.833505236784092,915.0186586346932,Restricted Area Intrusion
119.55886469200738,199.5649469507753,403.1481392748291,651.4044967967144,0.0644644116657177,0.0,4774.599354214321,Running / Sudden Motion
2.147951066146824,2.412660101851821,9.947835579659753,21.933382743478276,0.8796166617714125,0.0,32.75120783131492,Loitering
130.44490919588603,169.56576387376106,355.7253337383792,458.0362077067711,0.0063434305621775,0.0,2464.6734938876584,Running / Sudden Motion
57.5562143321013,78.55369261963585,322.0628926462258,307.0002107117171,0.0731235081723906,0.0,103.01289449650096,Normal Movement
166.37525904652682,212.2272810903408,332.0621796565518,637.9080821769071,0.0390574958946274,0.0,1759.9619647837935,Running / Sudden Motion
64.1607079180319,90.38582358906842,257.07493327407303,706.9698030088293,0.1924427711235211,0.0,1518.5241515959092,Running / Sudden Motion
85.42647034747745,152.55356927491593,224.4682464377267,618.2343176596187,0.1094206131710684,0.0,1410.6356655849354,Running / Sudden Motion
59.35294956804036,106.21404336369142,368.07631566016175,415.3483048277842,0.1076522002891223,0.0,103.04652147948435,Normal Movement
54.89905011575196,91.87254857328767,227.56485202338595,404.61593657984025,0.1084551544940361,0.0,153.33533527544017,Normal Movement
52.38932550567588,69.27901221770935,236.40330917738453,99.69519287020866,0.5013439563840255,6.44220567004608,655.7679764742002,Restricted Area Intrusion
53.76397087793241,103.96566237560712,500.3447098218924,305.0166579768718,0.10498980914666,0.0,662.0785408518384,Running / Sudden Motion
33.55163684088338,54.74788799875076,138.43090261147165,460.43257822398925,0.2000838597253408,0.0,229.26701283672733,Normal Movement
16.17078315982065,27.253264871526667,86.09174503029706,161.74384887406734,0.001557658552453,0.0,139.1244446054518,Normal Movement
4.733051188542589,5.040056073829411,34.73991556243804,25.53862732701776,0.7707030310938543,0.0,9.035887670141795,Loitering
30.982419914724236,43.893264122512896,201.4949712228789,159.8189907030306,0.3593501535757498,0.0,83.45920420463668,Normal Movement
1.1217230134102405,1.1835131509022372,34.59785492248543,53.59725319218413,0.674089595360686,0.0,83.44227521511564,Loitering
2.4842577081060098,3.077735579669273,30.369272671474867,18.23017061408112,0.8993738136271274,0.0,28.101260750152846,Loitering
49.41002528528998,80.72674482214896,223.4065945203842,271.7099216959941,0.0960905104596012,0.0,196.99756636419423,Normal Movement
132.26526894021112,184.76456397152305,191.53070907494111,825.3616661711372,0.1251010430830215,0.0,3115.33659488335,Running / Sudden Motion
14.42829152052886,16.224041727718824,35.48097549429561,61.76896232356147,0.977697472481633,0.0,90.6902418055531,Loitering
10.237339290031024,11.346618025281751,6.02887205079935,39.92063825051999,0.7855875254175237,0.0,94.11736093251857,Loitering
182.76861319391136,249.88158427287271,594.7948294692364,720.991602120908,0.1711616804067651,0.0,4799.909390090209,Running / Sudden Motion
14.745082486142824,19.802996008863097,5.207150634851265,19.87235089999651,0.9391859674198118,0.0,99.67566731443,Loitering
172.18905709881147,221.33867062766623,561.8464910363255,385.3006523825848,0.1284107000845562,0.0,767.287433303732,Running / Sudden Motion
53.65687817206487,63.98418367084089,148.4834482544114,227.392104668746,0.233550023200991,2.8911558070550445,148.80460099450465,Restricted Area Intrusion
7.782213737307001,9.131464765013384,41.98057947696071,61.41238001483303,0.754256194925087,0.0,60.66785152579738,Loitering
165.48722842319378,226.6929650631349,422.1926979164489,837.6197821669183,0.1675959396468135,0.0,4176.328322273737,Running / Sudden Motion
47.073736219258485,66.5234237101733,177.6616997876098,276.41403002908925,0.0678856420394242,0.0,241.0058016427805,Normal Movement
7.790641757870661,11.32471755442436,32.97951784356093,34.71100588162251,0.7948761328616644,0.0,60.524436081758495,Loitering
35.036945969972464,55.1040459781106,345.9808219314693,496.2201041921252,0.0647129831169063,0.0,241.85865565828632,Normal Movement
121.39030580478568,202.2250979277408,454.7391032902416,422.8703729299689,0.110817849124318,0.0,3501.041782162711,Running / Sudden Motion
126.28755489914728,227.0769152163157,471.21207295440297,484.64599664201177,0.0341073452234909,0.0,654.2791235765056,Running / Sudden Motion
35.62693310226807,41.50358922942071,251.08311940237505,133.15679269206333,0.3006078241117573,0.0,157.22632926391557,Normal Movement
2.05247676005921,2.754989704860608,24.554091324729026,6.261945443961854,0.7459804378366298,0.0,95.53822174042486,Loitering
93.4176321770088,171.51977682204398,691.9127577799371,287.7693173489687,0.0823851853283756,0.0,4347.25781027165,Running / Sudden Motion
56.61157502489499,94.8701395714736,72.57004724839923,236.53498334882835,0.0194793889255405,0.0,41.69186442322182,Normal Movement
29.883108392469,52.33336829358758,76.51355854796574,273.5232342006178,0.2846232166387111,0.0,53.63166335166748,Normal Movement
63.39616592192267,81.65688284661029,52.5814129864939,121.47673763395568,0.149091344985573,7.4640286910758835,223.40745351334837,Restricted Area Intrusion
8.880043311733054,8.99340522154183,0.3728215711901517,68.87313697225613,0.6662484156721677,0.0,52.479515033341805,Loitering
24.095143507040994,39.26676143443172,396.8753202873815,469.9809935240782,0.2016877422151074,0.0,164.22891817560094,Normal Movement
52.22028704724072,55.11751453252644,290.74181134221686,94.55797392559931,0.0186703997523822,0.5505683293839925,405.55883124940175,Restricted Area Intrusion
12.538816213752636,13.70778054047672,10.963587546154551,29.240546711958714,0.8568771659338424,0.0,62.17961938000195,Loitering
10.43818152342413,13.488589214320603,25.9656953707846,46.581469808448375,0.7276652262028382,0.0,68.04310610924563,Loitering
67.75552157148908,133.23537593344344,38.61666396084512,120.03538487437817,0.2106004235069319,4.53134457907024,478.39874548905067,Restricted Area Intrusion
20.48860338943303,34.76235000214352,316.45231507888343,424.3197204599701,0.2104242107544083,0.0,299.0363913405545,Normal Movement
126.74256260524788,142.74423556314898,411.1079579389596,460.5053571765005,0.1346330857936073,0.0,3462.3982501660253,Running / Sudden Motion
15.561144507354596,25.788239735798715,236.8782227956379,251.34380075143736,0.0376287852357583,0.0,268.0003622858652,Normal Movement
40.082358495084975,74.501537606166,149.61698581052283,183.3317524848021,0.0726014767334471,3.9436728491411697,403.0778175574509,Restricted Area Intrusion
76.32736201708758,90.17473188997472,386.1942470369379,544.4619395377977,0.0167001830851856,0.0,4283.286258983725,Running / Sudden Motion
61.47423616050319,101.88159697122144,212.2113642182655,101.59111078593556,0.4960411854195983,3.4576447563132047,998.6872877794704,Restricted Area Intrusion
27.8864698143945,31.720488061436924,276.57178846150765,262.18678776461064,0.0222485075003822,5.3544944383353,94.94095835109304,Restricted Area Intrusion
127.3913727679774,209.30972673626425,249.6156632700248,429.68608874018446,0.0959688960754783,0.0,3124.635287080177,Running / Sudden Motion
131.6373151052954,233.2865919699878,244.48763137733448,830.7060404194957,0.0969233878189032,0.0,2240.724034208454,Running / Sudden Motion
17.18975364620595,25.92908381697409,200.7351027601716,330.4121982213256,0.0899935438252414,6.353774100165386,776.1012034171348,Restricted Area Intrusion
6.343742145643121,8.93041174696934,39.65397163475106,61.770225195691935,0.9993895829253536,0.0,47.85124609413839,Loitering
32.36881764827555,60.593708203502246,137.26666453897872,147.39847135015214,0.5173925712104903,2.548052480446418,263.7239344628056,Restricted Area Intrusion
9.866344853759554,13.077563468228858,45.21788500458206,74.62303498228428,0.858473096303584,0.0,41.66694109625484,Loitering
0.9414491689590432,0.9432028572008564,16.23760582204042,49.21479459025721,0.809330621677905,0.0,30.17692985194961,Loitering
45.07813328057122,64.45124290657246,252.1802762036042,401.29952011473074,0.2538873280002363,0.0,170.53802619081878,Normal Movement
55.56076071561112,94.97787350188618,250.52394228089128,230.06734755516945,0.1352947147089253,6.956587995381026,86.34690265724025,Restricted Area Intrusion
136.96862677007323,228.7354904768818,378.52635433749,457.5459810257733,0.1796123645116545,0.0,2603.0372484670424,Running / Sudden Motion
26.102627406576207,42.170523936809325,290.5104298653152,299.6980096973123,0.0754120935496641,0.0,240.61735498898577,Normal Movement
7.580964818390793,10.94015974600014,13.571970878218814,63.13934898940397,0.8817745248905456,0.0,11.527076780574497,Loitering
182.19435895331705,204.43725279276345,452.287500471171,684.5287290507949,0.0786453319202016,0.0,3905.884294792063,Running / Sudden Motion
48.47976252127459,71.36846640951964,221.88549917073956,268.8035412718788,0.2561756848414565,0.0,68.44514286379112,Normal Movement
11.000172725450264,14.068597637812726,36.209585087458834,56.1042151477896,0.7320283213732713,0.0,55.075889220319375,Loitering
3.924823734494161,4.470662208640586,46.392395091390696,17.380895156585925,0.9958617485950024,0.0,32.69194551922248,Loitering
1.9989171664654632,2.7452377533887007,20.92653885183266,6.154749122042739,0.8349285621316778,0.0,13.00464400848661,Loitering
5.495582323642355,7.54620889290443,6.207500645533914,29.88594689432785,0.9007516115145668,0.0,62.56827902603751,Loitering
15.213362681034326,25.82253230926328,270.50048938517114,148.3522641640822,0.3091749552541136,0.0,258.09254711926985,Normal Movement
145.20719268917813,246.74599226489013,353.02847520052273,500.5596129901248,0.0250128046162324,0.0,2284.4292377885718,Running / Sudden Motion
26.050471746425323,29.43146536742433,136.02070909785596,271.0556487277084,0.1655721276218403,0.0,61.23342458487687,Normal Movement
139.35245362388545,232.76899651709755,657.6455926604683,562.5942407878667,0.0517669836370234,0.0,4321.457687651481,Running / Sudden Motion
9.039609784886776,9.29039561824142,8.430938091578394,17.089418219252316,0.7557179407955482,0.0,14.491415685833983,Loitering
10.858909193296254,11.334653812404168,49.7763089530971,79.5761425210274,0.8127499389262295,0.0,86.60587151838361,Loitering
25.730362181781786,42.52567835315566,57.41475836081116,348.2453320624707,0.4035104087564924,1.559283298695472,706.49236874143,Restricted Area Intrusion
9.126251198158949,12.236527108817642,6.120442386523351,55.61953256079196,0.9581242087044852,0.0,97.42208328353163,Loitering
4.595193557665588,5.05052906051638,47.72839234364072,65.79204575886345,0.770098168695213,0.0,84.14318511438759,Loitering
14.4302154572829,19.53013624340592,49.78349003126976,27.12950677354789,0.9261686478625012,0.0,55.55584675466139,Loitering
35.78180601523867,55.859957322119286,248.49566794911965,214.700529611512,0.138292322305053,0.0,119.79190839232196,Normal Movement
21.36344034352301,25.369731901630693,289.69104336883385,285.0020840749428,0.3754128068587105,1.754473031992404,518.107846526166,Restricted Area Intrusion
72.23671139458322,95.86159068856718,648.3997511614626,883.6692567642463,0.1300261198596086,0.0,4779.661010898471,Running / Sudden Motion
54.35588129350073,72.70237741458953,240.4891340578569,184.3306896235736,0.0979186006200581,0.0,56.763678227058,Normal Movement
131.1997732774692,169.17576985442506,574.8958518499182,843.4884829296495,0.1526431507944308,0.0,2506.0384447979845,Running / Sudden Motion
13.161793721294332,13.464100361341522,49.62293548875069,23.58345608297709,0.7583017901165723,0.0,24.93357291904461,Loitering
3.444785043593716,4.875464257933015,7.955887354523639,78.51834689569606,0.7289332103990798,0.0,42.16885547835923,Loitering
0.3021670724490338,0.3259548139362648,33.30497767837862,52.218906235444685,0.9774892737893148,0.0,79.81682913973093,Loitering
1.2534304822271736,1.498022488518908,12.884354563649865,17.74554435208005,0.983621321078027,0.0,19.541958841062247,Loitering
164.41384674312803,201.0894293273945,495.3469694109469,860.5861488274403,0.1605015058512016,0.0,2360.909161769397,Running / Sudden Motion
72.24157041388713,109.75698344076945,29.87951983695634,292.4764536146195,0.6892217514506958,2.9515030817336325,468.8309098064889,Restricted Area Intrusion
6.02548163253723,8.202120059242768,45.75692018725496,65.05347301658952,0.786656278638936,0.0,48.421351428006446,Loitering
32.751668307243946,52.94170572281213,147.53366617014754,395.97814406209216,0.2016714417563255,0.0,227.5771365049876,Normal Movement
25.40887254789861,29.24626293826625,59.07222653772473,293.24061281422354,0.1551466025008923,1.6207817005123246,998.882972866646,Restricted Area Intrusion
6.071148730069006,7.433306627191985,18.75568265377851,7.839958748234617,0.752496393739148,0.0,12.267346961198411,Loitering
54.28442469307682,85.51621331140703,90.73874668044516,328.75547918664984,0.0886951950548395,0.0,222.86480233872965,Normal Movement
55.92985097421074,84.50926421996911,349.0932616034654,223.0481341484402,0.1995267834125941,0.0,164.10920189132753,Normal Movement
89.18176632471939,162.87622055067803,463.045384706327,309.5001796233556,0.0121916667795711,0.0,2794.138467086988,Running / Sudden Motion
26.663969023368004,50.67874428559198,176.9878152972297,163.37918916111528,0.0310849025394717,1.5538647582581269,147.9172243651152,Restricted Area Intrusion
57.36924855321445,67.95150763869107,364.6815080240343,122.1661711729199,0.1058159244605244,0.0,255.47877545970752,Normal Movement
25.47294660042844,42.93843480034082,109.5829822501312,175.21343380417852,0.219445623728883,0.0,72.38805324269958,Normal Movement
53.898591129464215,80.75045709126145,66.43225127789438,164.32912966290385,0.3100731720981508,6.854310739013197,901.7586593121227,Restricted Area Intrusion
29.29750506641822,34.365245440807016,201.04968187889617,132.01989007430683,0.1641765894221787,0.0,171.51077915190058,Normal Movement
43.94399973396508,85.8983295814004,263.7723104091597,116.2815976994431,0.5156554309902054,1.4888621246125051,36.475060886592274,Restricted Area Intrusion
2.423679365572829,3.1655959486018523,13.189302108788336,17.927541992318545,0.9754188875472756,0.0,4.300325074005107,Loitering
85.71477316204302,115.90981654054234,524.5950790636891,395.5559150639478,0.1138627616822824,0.0,1657.1384823519288,Running / Sudden Motion
40.70379465250477,69.75907309383356,45.015636304086094,344.0681877219099,0.089292021791126,2.9932757787381603,993.653996814858,Restricted Area Intrusion
152.13553152639747,191.57443504260897,283.77143773969345,813.1981375445317,0.0759102214149356,0.0,1793.001558728093,Running / Sudden Motion
21.90714924183857,33.03330232083877,157.00607782373268,390.4523752092235,0.0955141317434733,0.0,204.70702201017923,Normal Movement
1.283364615275897,1.4830709781803206,0.623282991894103,37.5526711817237,0.8976883185280269,0.0,80.1348931421939,Loitering
16.045241205604132,22.143123006371013,357.53658852965395,336.29552666196327,0.1775771545583905,0.0,281.42187483636053,Normal Movement
22.664358965032303,26.027675354155857,307.4795032794974,200.98518686329908,0.2894981160767351,0.0,29.255500922549626,Normal Movement
4.655438869317944,6.905794136215444,21.960608961710225,38.53441626828778,0.8433164625842449,0.0,40.95023368643888,Loitering
167.25610240160375,226.5163480478314,187.15438745296845,531.085359620447,0.0180663366056185,0.0,2387.3421016371367,Running / Sudden Motion
79.20043155438485,128.2093598037485,172.5384665897788,43.2896160955881,0.5934901212779179,1.2961518301683903,56.50264336403753,Restricted Area Intrusion
65.36527069657768,99.08496544721096,621.1383283111732,475.2236811829375,0.0235750941513919,0.0,1770.177801521503,Running / Sudden Motion
18.580352817891573,24.50514319112273,223.03200856948027,218.397629658911,0.0307497005013694,2.036055172532556,935.897059225464,Restricted Area Intrusion
80.89311632486681,119.3088965813882,254.11849756031305,309.6959193999257,0.0191759075402171,0.0,3416.753491676297,Running / Sudden Motion
5.845067789742985,6.315442090452186,13.788103774753456,70.9832342045653,0.8160337465189789,0.0,34.135332219071046,Loitering
8.725095766555292,10.344035800273446,109.34275578943976,148.31605028578588,0.6708849099245727,2.4358206804530145,71.89514598431781,Restricted Area Intrusion
6.973066857868365,10.04605803948648,31.771463639554177,51.7646565777806,0.7522822871462053,0.0,13.368052355173354,Loitering
179.70832264033467,243.93857703854096,475.13095281530326,455.3837011064381,0.112926186395059,0.0,2005.047012103408,Running / Sudden Motion
5.581176172740381,5.781637704404944,11.006554011654746,40.0064694439205,0.9966547626238628,0.0,99.62650629391334,Loitering
53.65422872509712,93.2943978969444,132.1301185579225,277.3163730334277,0.2933979618251319,0.0,264.72606280513247,Normal Movement
42.325012050647615,62.40931356900614,141.42586469138791,342.88360627826,0.1086926662836094,5.892814710932839,622.4155615818694,Restricted Area Intrusion
171.87104716393847,242.1298949212293,162.41752761969275,382.00929575702776,0.1243459174074533,0.0,1289.9855702275215,Running / Sudden Motion
0.8143663162186887,1.167056327699989,1.132699385396868,44.78563424424743,0.9632212588349324,0.0,57.24895757887801,Loitering
56.10451469158787,97.15859930614953,341.88977833420694,345.14008526855577,0.2480586629862189,0.0,195.37167138158543,Normal Movement
6.417207140444125,7.315057581246307,34.291522381191186,68.07083504740845,0.9189809474096422,0.0,62.77520957908804,Loitering
128.87695693650312,157.27356420012424,665.6428446468959,320.5197754387351,0.1528272799084041,0.0,1954.284833508486,Running / Sudden Motion
4.73747227632721,5.1672900020305255,9.376572328610417,40.940994848146175,0.9449272342346872,0.0,75.80017651333465,Loitering
77.07895280291841,143.42616860492848,304.0761131972736,789.9847630669301,0.1311629015266432,0.0,4853.454674052923,Running / Sudden Motion
0.5836623116132239,0.7588407571214109,4.612882046768629,45.69080532856447,0.91318267789511,0.0,42.35853482947864,Loitering
20.404978354562296,23.463953423655276,396.539843529657,111.1042270150109,0.0530168323805654,0.0,249.9038327213136,Normal Movement
5.540853352796958,5.543767765641096,48.09078707001397,46.22218070546276,0.8594514105830241,0.0,59.989142567729495,Loitering
121.60048763581467,141.62235749501824,572.5938782177643,719.563149717099,0.1335846460936282,0.0,2427.160938382487,Running / Sudden Motion
41.46469344393655,71.49986696094705,200.26129471014636,117.78798192027648,0.0329626106280231,4.80687545615734,789.3329474223095,Restricted Area Intrusion
49.74472011095635,65.54727741545422,293.8061167164715,376.2706735032853,0.1551366780654599,0.0,195.85770402998625,Normal Movement
42.13982208024265,58.523789055458494,187.2225747584421,258.8704762768741,0.2607724102319896,0.0,261.5722832081742,Normal Movement
38.75908975559962,55.37293763311671,121.29961823516498,172.66243409248963,0.3639717384976575,1.514598317772925,430.8152111742284,Restricted Area Intrusion
51.91552638685898,91.89218883210069,62.9692797451938,147.8017905250718,0.607460685556479,5.302551612021308,536.5182802107712,Restricted Area Intrusion
51.59217056190508,68.2502187337318,331.73259756210695,332.3082459223099,0.0865422780901605,0.0,130.06756719887855,Normal Movement
164.00544892540628,194.8597520074605,580.5595546748671,800.0683589295837,0.1520137541641781,0.0,3694.253346387013,Running / Sudden Motion
131.30540006509034,177.76831721914988,360.4461001415135,741.7268675614987,0.1447069767793097,0.0,3742.917413649701,Running / Sudden Motion
124.2654316868482,160.10852652035416,466.3972221652171,551.2011417965452,0.1233155247113698,0.0,4552.706147290688,Running / Sudden Motion
64.86194830668988,119.70751551401126,194.6641011991321,260.9033474590479,0.0867522225871116,7.140170859602675,287.22614676176823,Restricted Area Intrusion
135.20096035967092,240.29813037964044,220.12340003160836,489.0604711630342,0.0251222338925221,0.0,4913.887215022522,Running / Sudden Motion
62.25769981607766,95.10355334992462,635.1272533270371,326.36607388033315,0.0282676185867315,0.0,2207.8953743596194,Running / Sudden Motion
21.87947049568512,38.16799458299043,176.0716029097874,101.04480967271218,0.1369614707242514,0.0,240.39253884380645,Normal Movement
10.953206027173108,16.153982055870333,38.301670330020656,70.78815247841874,0.8318551201500846,0.0,83.23193042175333,Loitering
26.056488434774145,32.87084418244503,69.2419253891789,482.57642346969,0.2840067520218494,0.0,194.3125026629536,Normal Movement
159.83403747288426,215.880939544998,444.14621379430906,559.7570106056978,0.1706822285564858,0.0,3287.8402711751737,Running / Sudden Motion
5.762822149679382,6.171996991429795,186.69149159442443,298.05457823702017,0.1175638323469938,7.458753920400851,950.2285683288044,Restricted Area Intrusion
30.61964710667453,50.49177536369201,83.39130483019954,39.42868647873703,0.0010997355727779,3.782364113521525,368.0461712023047,Restricted Area Intrusion
66.0682198226262,88.49853702758936,113.76175017010073,137.9430451306793,0.2426870332434239,4.01033323291858,148.60365209078742,Restricted Area Intrusion
178.17847122154083,200.1000980953901,261.3284886569977,475.0014062998865,0.1929354995878121,0.0,3636.038467728429,Running / Sudden Motion
13.12345800708884,14.919405910147937,7.875881794434298,27.98602829889349,0.6622205271379613,0.0,28.12459668742413,Loitering
9.224816444244675,10.138863053143291,44.786541913257416,19.257182881128124,0.9595802455783362,0.0,76.29902693330351,Loitering
47.25382875736242,67.41025581694247,182.84162560991223,438.1015419965689,0.228780250256481,0.0,72.01093817061937,Normal Movement
27.869165042960905,28.35263427861955,147.2996233825072,188.8891287972063,0.514028851125635,2.087610992774681,635.1795125542558,Restricted Area Intrusion
1.2953951175239498,1.8643793880143011,46.21448797048043,66.62098527585528,0.8468848422645925,0.0,55.7598591125455,Loitering
1.6907409949179004,2.2199842457084698,43.744953527824734,32.18891613528018,0.7089724517568916,0.0,40.002499578441295,Loitering
8.721104644384745,10.96120122202402,27.722494099826378,23.933844402244336,0.860573429198602,0.0,3.0666978464029997,Loitering
16.505175302650585,26.38949270472629,243.48759151819183,42.22565186975429,0.1146409086142216,3.7547986210380735,263.2409761971172,Restricted Area Intrusion
200.69917207775973,235.5149433487185,602.6592855803269,894.5515099606558,0.1172803911075865,0.0,4835.385565465582,Running / Sudden Motion
65.6516284635874,105.72823003994765,102.71011949091104,297.91851083434284,0.1022221372759619,9.000347958145909,109.90588073005084,Restricted Area Intrusion
184.5564226397941,241.22648279355755,675.1253312512373,331.3137831743353,0.123761985794587,0.0,4247.067124255653,Running / Sudden Motion
43.46338785924462,51.63268096453493,63.45632040227144,57.98856256844152,0.5737475134289866,5.776169390006782,947.6696295075956,Restricted Area Intrusion
54.61711350574615,80.57882803363314,271.40929015265726,194.7386204303681,0.020207878548802,0.0,182.42460657835065,Normal Movement
37.3661630797867,41.96426413525741,136.60109518599336,384.0851459174263,0.3349533913221702,0.0,33.42775554196503,Normal Movement
39.02575347250678,64.01403624724902,188.81510515830544,326.75818687345304,0.3864810501472705,0.0,161.37423309423468,Normal Movement
183.9152187076729,235.41984904379663,664.7607912595386,612.0568563946167,0.1154274880901926,0.0,1940.3605076802835,Running / Sudden Motion
53.05647302911375,77.677347302296,346.5288693942005,267.483586700358,0.3811900646240413,0.0,198.7304310181437,Normal Movement
141.43050524525705,204.7082473497273,308.51461255131505,585.0262168977694,0.0729495360581405,0.0,4600.145912698392,Running / Sudden Motion
76.79453759996167,84.80653436179443,71.28117863306788,189.1141950400963,0.1974692342388675,6.665581212005968,693.6957057172176,Restricted Area Intrusion
92.58380364831966,117.22592129065318,462.0362667650019,481.0378744062223,0.1388132858414517,0.0,4369.010457822633,Running / Sudden Motion
3.313182522743103,4.152037381239693,44.43938831825192,64.42967351375395,0.8245901235493873,0.0,28.84926031419477,Loitering
80.54474076347599,125.63056303348584,668.1727506604235,820.1825791648804,0.1115905965377409,0.0,2692.148686297319,Running / Sudden Motion
101.66269223637512,148.9794769668162,218.44339030626043,214.4440016227832,0.1988180939534232,0.0,4457.2918772738285,Running / Sudden Motion
7.113070608639514,8.324045871754869,214.58555258626205,164.4231805794669,0.0111597072766842,9.886214998079998,538.0446191996732,Restricted Area Intrusion
29.937414292584336,41.33380249474461,105.15326648575552,329.52660887027696,0.6512708793064459,6.495439366335604,627.393829947056,Restricted Area Intrusion
67.8097722482899,132.932835036034,122.8416519561662,62.68610335916575,0.5247520350701459,0.7023720988922421,230.73370114138385,Restricted Area Intrusion
10.279728636288633,10.848685317191691,5.310872418821766,60.495767238636,0.6693207816228249,0.0,80.97691790479547,Loitering
79.32289895269241,93.18645761728892,91.48637299329226,117.28883212300858,0.6355589846799922,7.755039730873539,462.7565014449432,Restricted Area Intrusion
56.39331102389251,92.69218192199176,577.5660022081953,836.9839745619829,0.0876673192475163,0.0,958.529512609252,Running / Sudden Motion
36.26109049040197,52.82810306628677,166.1528527935066,487.1726051647468,0.2932497898238181,0.0,117.00668045710005,Normal Movement
143.75620640565472,178.02032765087432,311.4752203128421,753.2894430310855,0.0528643225969971,0.0,686.0198752290812,Running / Sudden Motion
51.1238512595497,88.19563406375227,63.74566691063768,155.01375379278943,0.3615616755181915,0.0,169.35314771201686,Normal Movement
48.53139779081621,59.11425283272853,20.847557165207515,117.28152572513702,0.1352006826485632,4.023751183394621,889.7109347711953,Restricted Area Intrusion
119.35054749003324,222.2173104114171,432.0525626605101,564.3926119324933,0.1148273613623243,0.0,4496.860509991397,Running / Sudden Motion
42.24792672996464,71.0963265145199,86.4030687962674,53.58213040270548,0.5985780083397408,6.26898615664484,173.22833021281812,Restricted Area Intrusion
20.80635257319188,25.10554209700812,274.97615643027143,245.029504459498,0.368740980061998,0.0,102.55538343634032,Normal Movement
53.40313829706748,67.48862402854239,79.82293217428244,198.18123464923852,0.1174375031066734,0.0,201.9557892707996,Normal Movement
38.84527474287061,46.45872609219433,70.04422525897716,141.24289394937426,0.0758110253382627,2.292151600653461,938.6664042654676,Restricted Area Intrusion
57.639101984969656,78.18368619340335,311.09364231345376,249.3188857300144,0.2247275720251997,0.0,218.7369351562484,Normal Movement
13.869287677248265,18.16932791601978,15.553191755229497,35.0049917313407,0.696723542282148,0.0,19.23140402756893,Loitering
92.70418491434252,159.21254879330468,454.3690141898391,691.438543700008,0.1762330641251879,0.0,827.0737258779557,Running / Sudden Motion
59.94733368001464,91.6871412478183,362.52501862355535,461.6154635533696,0.3165805951230489,0.0,143.67010341120195,Normal Movement
111.14966010786772,189.95875804595212,396.3710908897639,341.89235264386866,0.0043953357882039,0.0,4915.973499759031,Running / Sudden Motion
36.55492126976607,56.59644129513016,181.99690517046884,145.456754821118,0.0376777817091281,0.5401462989484942,837.7641619573396,Restricted Area Intrusion
5.31983364084547,5.754508144180732,11.325279096558775,66.35846888941794,0.7436770572709483,0.0,77.47025930112271,Loitering
9.605625148764975,12.228630775038006,6.200990765494774,34.454406043432215,0.759663893883068,0.0,84.68337750111317,Loitering
29.123104745024094,37.596851576739816,104.50271248916832,264.30511475681845,0.1211858515349208,0.0,117.0891239888809,Normal Movement
13.828819811614345,17.375597145457558,31.17875738513422,31.811613154859064,0.7466861493618691,0.0,50.3177170232213,Loitering
2.5534545088911558,3.1396983461417847,8.506220280782506,6.478920800861433,0.6682310712393915,0.0,92.98845439529656,Loitering
33.09833211870961,34.524295242582255,248.49730298358816,49.19307166003449,0.470610085988368,1.9888484691066943,438.2438214051552,Restricted Area Intrusion
54.324982405671065,69.40370454537837,267.6618453000422,312.4871528376368,0.1584666000236995,0.0,206.51002144394027,Normal Movement
5.456009693391243,7.690460741685287,32.230266991716675,10.794952269024025,0.6997651045552595,0.0,90.01858951048463,Loitering
13.038988228414834,23.799759605297208,148.87555727585146,356.56610657233097,0.214286306265771,6.461554049277352,924.0804187586476,Restricted Area Intrusion
7.304731234574928,10.834000761696782,37.814711085172526,42.27346703450959,0.8177279145111422,0.0,2.647910130496345,Loitering
21.751781021169457,27.01469658612319,284.3953230406188,384.4230653436867,0.2397707234319741,0.0,286.41303017463247,Normal Movement
35.06947869923644,69.5715978005491,231.0173186249411,394.46697400353065,0.5222340379694211,6.27704568216259,756.678624597971,Restricted Area Intrusion
74.74247374855254,139.14980988906385,273.76310387267324,207.24259918420145,0.1193790061499703,3.605363176396672,299.5270018118865,Restricted Area Intrusion
70.17494093590659,133.73492855838404,357.22265921320434,767.146898989542,0.1439370521755225,0.0,4768.488331487774,Running / Sudden Motion
11.607746419785007,13.886985807922072,1.643383513323449,13.70744809261674,0.6635529104301486,0.0,32.894365047649266,Loitering
47.65963356219452,71.33963022265026,317.8635606428164,493.0351719170338,0.167708955160322,0.0,159.22908504680396,Normal Movement
46.08368316974153,60.34146397169323,215.4554639481057,338.3485259545916,0.5502849868762775,9.78195003445485,640.4868446802731,Restricted Area Intrusion
10.905163589420331,15.616600317862794,7.164941962624555,26.623892585785157,0.7182603136756895,0.0,2.685577692642793,Loitering
59.196493334303,90.27749384616176,204.4929911264745,235.39343449582307,0.1670477170616182,0.0,44.33573412181394,Normal Movement
7.669053591540504,10.781143056056314,6.371333553629982,14.345769055965548,0.8489913992674271,0.0,23.42956008119237,Loitering
5.171492909489315,6.6980379939559285,25.33055698799268,16.146487720767784,0.8063787206416991,0.0,54.30666949102484,Loitering
76.40228793933,145.65854925267442,229.84050926175988,37.08817801495331,0.3362708778845921,9.012968397101869,439.3145772333325,Restricted Area Intrusion
192.92623944400847,214.68049800957328,440.7799785561492,471.7810865087159,0.0785503786442406,0.0,1022.739381557243,Running / Sudden Motion
43.11422856080662,63.64761116795705,266.10678582185574,122.5012140363996,0.109262616290208,0.0,162.94593639085804,Normal Movement
57.83679555364085,64.10840390510974,319.42656090409434,487.4846604793343,0.3623608875271114,0.0,291.50594674690177,Normal Movement
25.470860971041898,41.53727572217528,212.1759312110764,279.6749417211503,0.3451004534480789,4.2147142079351605,764.7550288964208,Restricted Area Intrusion
55.940848022995525,73.08747012820623,253.40349383066848,201.73032781678643,0.2217142342905712,0.0,190.3399888897588,Normal Movement
65.72647708768751,102.10551402001076,154.79308352970352,886.8286405335729,0.1805452957533398,0.0,723.431247492086,Running / Sudden Motion
28.002064844761414,38.6965147376653,221.4003214640072,56.47277797222287,0.2399480222518137,4.217570686326693,718.5918187331521,Restricted Area Intrusion
52.1831365887461,90.13658622129418,107.68469025952766,312.6951802864007,0.0434302964541774,0.0,204.94962698154535,Normal Movement
41.522646713447166,41.67395508015074,260.74799876909674,143.184438897853,0.1899078288298582,9.976603107504827,588.549009357736,Restricted Area Intrusion
13.44910368221151,14.499976142751084,45.48967725019973,21.229198151223105,0.9979975358705444,0.0,60.474871329559086,Loitering
48.65692894322929,94.42626894500992,223.79284291877207,599.3380893630817,0.1616369620075849,0.0,4501.946132834779,Running / Sudden Motion
34.634249686241844,56.87763649718663,71.84503909517133,353.94819471565927,0.3292509269664746,0.0,58.72024608758262,Normal Movement
47.248024052729086,77.10827953002067,255.45547428942965,442.429077481028,0.11642014098026,0.0,265.6689941604303,Normal Movement
0.1062803125492206,0.1379645679496792,13.201685113780703,19.089391114451075,0.6641511759875514,0.0,36.43615764756113,Loitering
2.4737311291292032,3.188714581340756,37.721559711349016,32.75373204002453,0.9536535336155918,0.0,37.3014767077734,Loitering
12.410889933532626,14.49929319316527,33.35473797778315,32.4643600221969,0.6649533638031503,0.0,37.80151073363489,Loitering
4.892439630053491,5.466499575862859,19.66250672003333,60.67494911404598,0.8159849034988853,0.0,57.07306061202463,Loitering
1.5958302451861166,2.365931735837695,29.942918505017637,36.17625568598218,0.8561572873185761,0.0,6.181196107171538,Loitering
17.209134610954166,24.22053480037654,277.36740038183245,93.4912567614513,0.043068832668781,6.70794014592661,598.5909772155387,Restricted Area Intrusion
168.74288255465052,215.76581082333496,682.8475483447365,875.9055111161683,0.0548821249311519,0.0,3972.378157383041,Running / Sudden Motion
70.94569791434438,139.66131841422492,227.80373673502905,74.36800641341517,0.565163122885984,6.651145904924066,345.4380543467604,Restricted Area Intrusion
7.319642473239708,7.866828712546766,17.49996163539863,58.79830390298032,0.7110617503162011,0.0,58.13513075500432,Loitering
52.2434027396662,80.56795133338312,317.7498316290271,228.9009066145447,0.3882792097579613,0.0,269.0051251834373,Normal Movement
146.81614265802006,176.3870096961456,573.0114387496635,506.45262643693,0.0392240710289024,0.0,4399.331550508792,Running / Sudden Motion
112.78976061495568,147.78772966683044,363.97595935494,831.2119925747737,0.128476150343126,0.0,2748.308317237718,Running / Sudden Motion
17.7586829598049,26.941707961062825,100.46821099393732,182.80131829356625,0.1315119645222949,0.0,221.99866321303907,Normal Movement
30.84956221043059,49.29718528195113,66.2688529775659,264.45497554649256,0.2576037605799474,0.0,187.0171916605491,Normal Movement
48.514297015851774,86.22236488496534,170.78062176697165,235.5930765346449,0.1878223245103231,0.0,64.94669413444285,Normal Movement
39.141956568851285,69.50794075117719,387.6171701555322,439.3696911150095,0.0750437171060134,0.0,182.33908134745815,Normal Movement
136.67951474372634,241.01886876031676,235.07644731221652,251.17828800642,0.0782538815168301,0.0,830.1299007990364,Running / Sudden Motion
4.134525766250524,4.329323667501872,9.536357866135903,52.90481846730356,0.8699668205717214,0.0,42.105491299571206,Loitering
23.481343635553564,31.486104438289654,92.9154507636903,477.8743142064339,0.1619976245983269,0.0,244.6011847269572,Normal Movement
56.9860449720095,94.7707925868037,218.9097445287991,409.6006486859187,0.007134713590795,0.0,41.651759062063135,Normal Movement
4.063805900794687,5.05735669309478,1.86551462014638,65.30008701973006,0.6855022677990473,0.0,30.87484885030049,Loitering
53.88615731367262,95.0654292961152,178.2862637572414,118.04320458488452,0.090371583166713,0.0,136.97405404599277,Normal Movement
6.832963592848728,10.010913219768142,28.093891744650524,34.07583861561691,0.9924295777778668,0.0,46.37113062212885,Loitering
100.77161629002448,178.9139412386235,373.9885666100456,664.7956763912523,0.098614321662834,0.0,2270.2027613575974,Running / Sudden Motion
78.94835942684706,95.10871653134195,428.295123595973,428.6431926998954,0.0022858210463098,0.0,755.4407567149698,Running / Sudden Motion
30.061919814041843,36.64677170841347,206.02759627843943,235.46068040054465,0.3463957368126875,7.753855756171986,339.9756088538636,Restricted Area Intrusion
8.378461001518597,8.882365588256148,40.84100337395506,25.60141495106224,0.8422444655605823,0.0,54.96338106932469,Loitering
203.7668663213481,241.41046837887208,308.423535323608,570.1701436652378,0.1001265714307811,0.0,4824.102334980325,Running / Sudden Motion
73.04351539859182,95.78044380623516,244.04488943170668,92.60298837570394,0.5218992772006577,5.791755943180595,183.2668056404285,Restricted Area Intrusion
25.71049014166472,41.86427495678453,76.5362683591649,232.5645640021698,0.5395524673870753,9.428306385651226,345.82475403301515,Restricted Area Intrusion
7.469513381679985,8.06023186873037,21.60452117897445,15.750666657747612,0.983847461482551,0.0,14.49825331971426,Loitering
192.24851893234936,231.4387651441668,450.6763163632404,215.68382562759703,0.1124859236067601,0.0,840.1918196762749,Running / Sudden Motion
30.00974669152599,39.95719440123078,103.25682704322152,159.2591282121461,0.340208351568543,0.0,139.42187818832804,Normal Movement
0.4686146848597472,0.6303823740197786,21.75438754244216,36.17586448341757,0.7374953639099782,0.0,53.78303989980171,Loitering
79.4622548680272,151.66319880549656,155.94040329601833,297.4470688368962,0.3668062262331473,7.728840245871749,828.7123818392016,Restricted Area Intrusion
38.73951935237322,52.79013761623566,389.77684023693496,152.6294692621112,0.1278662270508348,0.0,95.2485365681256,Normal Movement
14.600230256188585,20.529314790652723,43.03666809324348,41.21808742783033,0.943020542268159,0.0,30.67740835772052,Loitering
21.718349301158582,32.8617991533287,250.32134756315995,348.29628315094584,0.3930010810608876,5.4665415153330095,700.7069900245641,Restricted Area Intrusion
8.602887925626725,11.094082900505466,8.36456142021147,78.12220268178284,0.7392561119461994,0.0,72.47362184512922,Loitering
221.08107974526428,247.87391664500495,335.50013475909617,537.8925544322278,0.0200911611595632,0.0,2897.5781663636194,Running / Sudden Motion
99.97816079141133,167.1508463453284,636.703614751465,296.88195931134135,0.0108620551721414,0.0,3699.487747620344,Running / Sudden Motion
42.84216501763389,48.32881143994447,216.9872470427332,299.3453754725963,0.0857305611419946,0.0,50.490859711945006,Normal Movement
135.4152349606512,246.676834280796,402.1667558439303,545.9111746454887,0.0333594427647604,0.0,2938.952928388185,Running / Sudden Motion
211.97375947343937,241.1926617777156,516.3722501521343,800.0961864446393,0.1122352842327904,0.0,4754.15855981158,Running / Sudden Motion
151.84113874621312,175.67905504549492,206.72636900164983,304.7824571346916,0.0766899358438826,0.0,3485.8810281967626,Running / Sudden Motion
52.14297800383445,68.1379052174435,215.90634781150737,265.77193336851514,0.1207709565769966,0.0,276.3481496995107,Normal Movement
36.30702304756292,46.72288943943026,172.73345909646775,298.6824090380459,0.1755645841220187,0.0,16.267503165295825,Normal Movement
19.70767935621488,34.14909832608112,354.2946633691496,415.2009230436999,0.0399449908642918,0.0,69.27523645361447,Normal Movement
5.322028787063984,5.356604274899813,14.029431026637468,29.795041560573345,0.745985937326336,0.0,81.18701531875855,Loitering
4.400627591879948,4.924003112813812,22.126379378664275,52.65006822856882,0.8016969144279773,0.0,24.4536575751806,Loitering
123.14451085132468,166.3880136413539,224.6097869196625,486.19306318221874,0.0355343523975891,0.0,1832.4643362742731,Running / Sudden Motion
18.242661618282465,30.81906584382953,78.89309174833849,197.8568031761355,0.1336520162006183,0.0,60.1683891055622,Normal Movement
10.543447239642788,12.9103085767391,45.32835478232396,76.87878899470846,0.1144615808883888,3.3692796048006453,20.906513195580107,Restricted Area Intrusion
12.737374455427132,20.826789100058058,241.8511816754552,128.21245320822186,0.507554602197083,2.114004200786712,291.90277208545245,Restricted Area Intrusion
11.35025538241619,20.31748821458437,87.33722287772838,134.59446207776583,0.1272573936243908,9.76141016283936,783.2244493064125,Restricted Area Intrusion
62.6516113853236,85.9265861582921,201.7487432957316,58.37154569082196,0.3366339532980202,1.4169301786179225,255.8012992734258,Restricted Area Intrusion
77.17284001813749,115.2816907918395,276.8484162406186,161.29721629864858,0.6002060411549964,2.740349156038459,710.4049648110636,Restricted Area Intrusion
112.02834643109898,174.55198312042165,434.683902260388,230.3940421640478,0.1297139266728755,0.0,3079.306726846665,Running / Sudden Motion
37.620569615823015,45.380233944371646,179.65618062780845,317.63189213711803,0.1653632977559434,0.0,248.93458470473095,Normal Movement
54.311697522225856,91.967836837261,248.06751948989967,96.98364477610512,0.3617401616017736,6.777897322788033,231.4625780907249,Restricted Area Intrusion
37.33344124118143,44.95250277005969,289.0994020189625,296.2696804553375,0.4150955363295972,8.564238220063936,548.431091983331,Restricted Area Intrusion
83.90151132401753,162.20488025055153,152.17027801495698,852.0492576322849,0.1378673721175785,0.0,3072.1265670902635,Running / Sudden Motion
68.17851234377967,95.87395001287194,596.2595233375206,662.3974552452573,0.0396841693523083,0.0,3803.350662064828,Running / Sudden Motion
167.6012880728305,245.6492885710492,506.51882214925934,604.6274735439523,0.0635109787775145,0.0,1713.4821794699697,Running / Sudden Motion
167.02393471925984,193.95872644812664,590.1559891549803,776.9813069683415,0.0516816817134625,0.0,2445.3747369096054,Running / Sudden Motion
20.332293730354063,24.285905368473152,266.33602304660167,82.50889151411616,0.4088962341327424,4.093390981651144,308.9908978815648,Restricted Area Intrusion
14.69432521686432,17.80280969442677,4.034018920733251,29.26800779370001,0.733200031379842,0.0,1.4126574909854583,Loitering
38.69070407857562,47.16338655074321,338.1972998932675,325.3481026569843,0.1053797257427623,0.0,279.5837018820797,Normal Movement
57.57110041011428,75.4722493191728,256.52585337456435,373.90589672740776,0.2596932620981235,0.0,282.7723788117003,Normal Movement
25.35962959026964,28.55973054595376,248.64983959310436,235.78735922222427,0.3319158972529653,0.0,244.39292689864752,Normal Movement
140.4595013149989,181.37857629954544,247.92139959979409,708.611534352017,0.1872192934661099,0.0,3244.6213839559414,Running / Sudden Motion
0.0123692525202806,0.0160709275310597,17.692931966166697,14.284049833785328,0.7151485639364836,0.0,33.17493124592229,Loitering
43.07617931471668,52.44849547307859,191.5855889051997,97.04617369020352,0.2283477981883701,2.3592403942986104,699.6969639902361,Restricted Area Intrusion
48.07019230396308,59.68795093469047,296.2313637982894,441.5020086968755,0.0528411349206175,0.0,188.17012475715677,Normal Movement
14.03410179704612,18.41528345014984,23.795621732876416,51.569130478130575,0.7948098137449799,0.0,47.01822732030162,Loitering
48.4307839436137,61.31063390014307,342.1149694424699,309.2352800105746,0.304168674073847,0.0,147.04123516768857,Normal Movement
14.099738905574888,18.52315192949384,26.0177592982734,64.85296259540141,0.7405064548671834,0.0,81.97385402823598,Loitering
1.3520547305740005,1.8367795156053703,12.50855264025148,70.72960630631594,0.7583501251104914,0.0,20.027083009014312,Loitering
46.51192959010121,61.333265210291856,342.9683324743684,418.0010301486568,0.1549913516120697,0.0,93.6151501397708,Normal Movement
8.108577778329929,10.348105292181517,35.72760491350411,25.598610696314594,0.882716287664517,0.0,70.40322731192128,Loitering
90.89900887532332,111.0682803259452,592.4718952211267,651.0614697249407,0.0557721916476404,0.0,4846.652395164586,Running / Sudden Motion
27.583634809613866,30.96071335775305,268.89127622196315,236.9615612105876,0.2605339994960186,0.0,41.51342153323785,Normal Movement
25.65351919969782,32.69723939501202,254.21910159254276,254.8302187953408,0.0197016479710375,0.0,118.34810015327577,Normal Movement
52.64755583170242,65.50588153917003,245.4827000146172,109.34372565803218,0.6340746665199453,7.21313414184978,64.17272738058912,Restricted Area Intrusion
45.38875329003679,72.58935883218227,323.06503213555294,443.4917501833784,0.2957725873906039,0.0,242.2527617109233,Normal Movement
55.50410751646572,74.36746747823229,73.25298836268894,287.73209406927026,0.0495752217763511,0.0,79.15526867756535,Normal Movement
56.172165977588094,108.40441638885864,584.6729803592157,496.5398277812923,0.0493625781258388,0.0,2129.756934908167,Running / Sudden Motion
50.09414297425403,70.74550476409887,376.43272610517096,337.13282360946005,0.0140703928737679,0.0,55.681768982069045,Normal Movement
53.9765072848959,81.64118460057263,181.9487491194898,251.6411384940194,0.1726076014749418,0.0,193.6132628219657,Normal Movement
18.66069249259313,29.06991692105228,277.40496103059405,361.51191576789785,0.2519761490103847,2.949623829412925,790.9058844440692,Restricted Area Intrusion
150.95448477899416,189.195308898628,421.656608386633,632.8817065357841,0.0514939786457048,0.0,4884.534178182048,Running / Sudden Motion
0.9782350484930448,1.434148070677241,25.08309210327415,42.78172533253536,0.9726875169711232,0.0,50.73239795930695,Loitering
56.7771733965263,79.03575017440322,71.17093476278956,379.2003580906418,0.3547591228059235,5.516348151367472,981.558191112658,Restricted Area Intrusion
8.914415185770102,13.862655407642142,60.56581168642229,282.48120369587525,0.0839689419181776,1.199041568043295,715.9915702017764,Restricted Area Intrusion
56.18529505146294,91.51828743351638,246.5378794293264,271.0134603079964,0.5385711920511856,4.501861783491012,493.817449606107,Restricted Area Intrusion
11.653605824352455,13.847622809158723,15.16688163410993,17.97679410074727,0.9986055142858844,0.0,6.366358931886362,Loitering
20.287697201367067,23.166055550039843,343.8006058711582,145.41822180932334,0.2139592611903482,0.0,275.5660087848258,Normal Movement
14.238792211587429,16.54636088281422,28.190294900886343,24.304068177096102,0.8670394201315691,0.0,46.704235013323455,Loitering
34.4740178563204,37.54894231492176,182.71214805270137,370.2668268717272,0.550686989203225,8.444073937278748,928.9494781413072,Restricted Area Intrusion
2.3145557808402666,3.3929010924613734,38.07538739099484,74.20543218688755,0.9708380995747784,0.0,64.93926171077406,Loitering
16.44317109200169,17.643566856116266,192.09421034863703,215.10199630497,0.166625661812039,3.2813130521107343,398.166305429396,Restricted Area Intrusion
4.808760936748592,7.127263303284982,31.090569222656857,25.813333957551137,0.8078203435067364,0.0,83.55130374309944,Loitering
184.67790060024143,214.78868168771203,611.3855190803583,870.8469692052928,0.1806191509317579,0.0,2553.679280477607,Running / Sudden Motion
70.7721112843927,126.09747267709508,529.5530858420112,528.0495794389772,0.1367425425913687,0.0,3946.759821288912,Running / Sudden Motion
144.55431983914775,248.0593154791558,584.6513968908303,302.6111737145327,0.1608702538722501,0.0,1417.2051491540117,Running / Sudden Motion
56.90563060605458,67.36565441752761,99.81521240603756,116.83778500252274,0.2631453140162111,0.0,131.39640722921004,Normal Movement
60.08737811683625,92.90122407356256,292.195881734996,792.8525940697515,0.0320968806543724,0.0,4078.857635883772,Running / Sudden Motion
23.141699350389068,40.150212797939616,75.18069025125482,177.79795967635664,0.1168237321258113,0.0,152.15728729646003,Normal Movement
1.4285041543256312,1.7521974352878624,16.98312319021485,18.52652912258623,0.9006349897305614,0.0,35.71155958966186,Loitering
48.514691751753936,81.2307759896768,314.77997297766206,200.89904794022465,0.0471375603623324,0.0,79.11817351499744,Normal Movement
65.40473975184382,95.77003351035609,513.2925815118656,821.3977609293897,0.1187572453866351,0.0,4227.730793453045,Running / Sudden Motion
42.10846138911515,71.57605843824335,93.2803152730523,195.8880136571416,0.1656710086370682,0.0,22.3128063201485,Normal Movement
145.24973896223406,221.15975839965415,341.67812322767384,608.0920381149879,0.0929372835388962,0.0,4899.292450028766,Running / Sudden Motion
114.37383828216284,128.9415513257953,359.8479078453429,219.0983983847056,0.0053871530817565,0.0,3034.84283558863,Running / Sudden Motion
6.250515353520108,6.411714720633973,46.65376207392223,36.02023552196648,0.9243742875129082,0.0,41.63134887318003,Loitering
38.86377951719994,53.15605493548188,51.59529612885954,157.865322429357,0.2450874708052298,5.46000357078264,972.6280176105874,Restricted Area Intrusion
27.36712728397801,47.08761356634738,123.78185185942704,115.6208683190205,0.1367707754182641,0.0,218.11535281605455,Normal Movement
35.42535969343349,45.11375962744749,140.46520341917758,393.3259977022475,0.3266275053695642,0.0,40.53064315769624,Normal Movement
26.71568445368625,35.418139901211674,142.44417002963314,281.54262823144734,0.2733033430635251,0.0,76.19333388439196,Normal Movement
22.738215837166027,39.18214730207982,219.7850196976956,279.9585378050375,0.374216777537062,0.0,27.251140733168604,Normal Movement
25.46564732379932,34.56346035678532,184.5734329409241,217.5481370532691,0.1517856318907716,0.0,208.86557018222416,Normal Movement
14.395218287611904,18.67608632101723,32.083020268162855,58.24447836069364,0.8964416116241034,0.0,81.98111081856882,Loitering
19.788878934212228,35.60758061540086,286.3328102762225,353.0525065346947,0.0361762907936531,0.0,270.13968568002133,Normal Movement
42.41184461990455,77.6582636676886,247.9809448647638,343.85818314449307,0.4885110495073912,5.540280168255958,829.6005281299483,Restricted Area Intrusion
50.08756279610727,81.33542224635521,33.20887582423209,170.02255279849257,0.4289958956922992,6.738466229654225,829.993001683786,Restricted Area Intrusion
53.72564636824692,65.40504656830495,62.55239115199996,221.17458678233697,0.319004334272301,0.0,253.3604212079541,Normal Movement
28.26398369412433,44.21998417285691,344.32336012648443,87.6274284440329,0.2382855098742909,0.0,77.07135650918715,Normal Movement
6.506024605312231,7.845108632466467,15.609003630339814,29.427110730318827,0.8907429709753243,0.0,4.083559734188114,Loitering
6.459148537212512,6.72371488726465,13.783271689358312,54.16185264192263,0.7580153699132967,0.0,99.76485941215104,Loitering
29.293603546360277,33.82461731137391,70.14382183389715,225.521035271016,0.0076136591269946,0.0,57.99144969871476,Normal Movement
33.395239924291374,41.82219372111109,260.0241244590628,213.1571827532399,0.0144239337109454,0.0,131.33601280548953,Normal Movement
53.78922035564952,75.11026655651108,281.77990294900013,298.74284593035645,0.3693768720787428,2.465078879188126,652.4852368688535,Restricted Area Intrusion
76.23088570471342,151.84434243617693,153.39263997160813,95.648932160974,0.3415611407803587,1.4719727882889675,873.8107478802701,Restricted Area Intrusion
5.183054876850263,7.26121843890215,43.97117044558293,40.44301331803038,0.989975658429928,0.0,55.30130063444059,Loitering
11.667474431575112,20.21234974277485,95.07564072795428,274.5460851488445,0.6111264504524623,6.291308045732411,220.55689595324796,Restricted Area Intrusion
7.937643288567927,8.180254983756802,41.66225194006622,7.048558780343873,0.6984297425127612,0.0,79.7824523826629,Loitering
43.02189352446936,69.93583122978593,329.8360305132083,169.0209366538279,0.3695133264372721,0.0,137.01698484690803,Normal Movement
55.35399172158143,79.31633736610857,80.5124783152354,425.3296893593989,0.2592734918668537,0.0,236.70954379644408,Normal Movement
36.24650029592908,60.621717788613765,313.52031702087163,223.37896755610095,0.3202308470061282,0.0,257.5586940113051,Normal Movement
46.7479379661341,92.09885053986451,107.9741676956455,222.4723104444014,0.3362590109508809,7.308108801585525,732.9873653030869,Restricted Area Intrusion
13.41433904221114,15.270905614742196,32.92167130916379,11.59728113932897,0.8158769749323379,0.0,21.733180215834796,Loitering
106.16638525374113,141.26063354199687,652.102196135196,450.4569460816351,0.1720047565766906,0.0,4640.788445762271,Running / Sudden Motion
19.724087215323177,27.1992550183023,371.89480866756986,344.9495409531918,0.071002632974787,0.0,108.26813432678544,Normal Movement
42.38836738382335,50.369026541442096,155.30212149095073,279.638792035386,0.2569788124793136,8.515954994616237,537.8125408000399,Restricted Area Intrusion
9.203909065741664,10.255163322234695,29.610357484247395,33.44494629397047,0.7153611761844264,0.0,13.810473786874866,Loitering
57.62778180138974,107.74534161015508,365.2035879946546,231.8797033247836,0.066727007425267,0.0,4830.746267181004,Running / Sudden Motion
58.64168025175062,104.92196740086248,157.99760346588778,388.1764689239248,0.2999934151741074,0.0,110.48292978078416,Normal Movement
16.421159881184934,19.72033518262082,268.82759320482376,177.67195022608672,0.2664209197076594,0.0,111.85464896377653,Normal Movement
27.184143809301013,43.4112641574864,393.2696268655518,336.8483145103692,0.0218001259965182,0.0,188.7296012789845,Normal Movement
39.17854441393907,60.8398113488307,257.367060806796,386.9242856922959,0.2298254765588013,7.516988630138544,292.52073251705986,Restricted Area Intrusion
89.33362218041833,176.7332671665201,677.6700468993109,602.9243731460945,0.1178316488818266,0.0,1530.4729885168044,Running / Sudden Motion
11.789502321759404,15.276174975186136,5.057160666380156,45.2890365745275,0.8138298835094576,0.0,32.711225602116144,Loitering
37.53361077712894,44.92694195214674,270.92057232035364,390.4348536176549,0.0362230316231569,8.059590608645609,649.2593923621233,Restricted Area Intrusion
76.14361489273243,85.19073849033165,105.34803501634332,204.44658694710148,0.0003146682519787,9.249055281019382,108.10760485250282,Restricted Area Intrusion
49.6151461009551,60.14020428454467,71.68371483090078,266.59426297491893,0.1470484029415832,5.754330527248419,836.4638098524631,Restricted Area Intrusion
2.4412457894978457,2.8857901900671323,42.43343435736647,19.29820674544944,0.9374809477146864,0.0,7.906917736795571,Loitering
4.012990475497985,5.121902854607852,11.990527215188978,34.53284835503035,0.8794623038551254,0.0,83.60262035777268,Loitering
40.81383009580691,59.122865445291495,257.3490210489672,238.2288168475896,0.3307049439579788,0.0,50.18835991831423,Normal Movement
52.350863062156265,93.3483043173183,346.3325828757364,476.2205875366982,0.0507741027163679,0.0,240.7786838984213,Normal Movement
32.36272178079547,52.01766925585784,106.12523203814035,54.24522449297608,0.1853661161221336,4.382475683546296,992.3472293856058,Restricted Area Intrusion
45.49688765045113,75.98579491790105,139.9871720613193,196.00709265175772,0.3858075544556807,0.0,86.73330555038591,Normal Movement
205.8146114401321,242.8844589476193,309.9601026903156,898.4301199630023,0.0634255349113068,0.0,2618.914420419929,Running / Sudden Motion
21.99487038375401,37.65565921958724,156.30395730503878,315.82554565404155,0.3167897700565496,0.0,237.30899171895692,Normal Movement
48.214818831638624,79.23554635299362,244.9749729616622,323.3178064376435,0.4653605358604634,8.995209540670423,839.6450010594646,Restricted Area Intrusion
5.682638354596631,8.016938992303295,22.11947969504728,61.51254225842075,0.6973486749789165,0.0,92.46502196584623,Loitering
34.2676438578993,52.996820652687504,351.1178612908465,345.04748600619274,0.1390694539343613,0.0,202.13358236619797,Normal Movement
169.76885732271347,215.91681861830807,152.16891998708616,218.7235110872916,0.0390066431076103,0.0,846.9320086225741,Running / Sudden Motion
64.71744287486177,73.32233245261,246.2706580445401,160.4602316704109,0.0878525893212568,1.251920112584676,844.5984315661968,Restricted Area Intrusion
44.211707256042345,69.37445907099507,319.3870264734399,104.40556232300789,0.1466433539730449,0.0,166.4629562258868,Normal Movement
23.8395599571558,31.402101817230005,324.31764500200035,488.1670989456063,0.2002964744809369,0.0,51.730275739862726,Normal Movement
136.0127123513264,228.61807407073167,477.7789849586013,309.9713319169174,0.1916553746243503,0.0,1709.6988715669454,Running / Sudden Motion
16.001590263611458,24.06193968233205,109.01456445182654,358.3327982825387,0.1326063777496265,2.5894808738487374,689.8473117914607,Restricted Area Intrusion
26.480609522593525,38.60344936136095,382.5397990915053,240.1491661517025,0.3502953943852831,0.0,296.21392854912943,Normal Movement
6.672536389227927,8.638558212441325,26.652030239317785,56.60462998259526,0.8151250020570593,0.0,71.38606850640676,Loitering
74.85873180338766,136.81488927719826,184.7523157195085,33.30714314407388,0.6185685844916666,7.413735642059264,790.0283225755963,Restricted Area Intrusion
68.84159810520282,110.77991068046126,288.8056973805786,352.7020535365437,0.244117963846912,8.669111230262928,958.8930359525212,Restricted Area Intrusion
49.82802218501835,70.11873564626424,351.92329276987005,372.8945722049328,0.0376709391550598,0.0,292.93048197465924,Normal Movement
85.05010436939273,153.14515033806347,551.7902875651265,783.3538545354857,0.1375630855592576,0.0,1482.1742707190858,Running / Sudden Motion
134.49461736749922,228.55905680392397,209.72483933436223,207.07465110188096,0.1430410008644292,0.0,1729.1136821295847,Running / Sudden Motion
147.80822106482154,236.66237763831288,513.3623483144225,892.4646743124196,0.1338901587123887,0.0,2910.417101767192,Running / Sudden Motion
113.16350055803778,203.34722335734165,301.87142720896486,659.1314837646269,0.0958128729170456,0.0,3988.4071714199904,Running / Sudden Motion
44.35948754344642,58.61440470802114,327.7269554752243,310.64064111186536,0.172567278071956,0.0,191.54361947290656,Normal Movement
104.3141133488472,186.00471067887173,510.2144297632957,506.713351839472,0.0668779001641043,0.0,1660.072114301921,Running / Sudden Motion
4.395565116492278,6.490975509661484,19.755768160319104,65.00585518936458,0.9883869573287816,0.0,70.36581008556112,Loitering
45.4968974450379,66.19670280224153,87.16278203388913,120.98840051849449,0.1294806007319797,6.499093311739944,150.63256567667202,Restricted Area Intrusion
94.27341418441254,123.62642599876986,562.4571888254172,241.5318160074772,0.1539507908928478,0.0,1781.0533590296586,Running / Sudden Motion
3.230357512191067,4.746381527868596,31.929559816527075,72.47004930375026,0.6882449081114644,0.0,62.28509658561748,Loitering
19.94183113030255,38.83498106113216,299.37334678236425,332.9967521034205,0.2097987510244696,6.806733213692119,92.31655138095373,Restricted Area Intrusion
191.60152596191443,249.5071315535237,398.4270226931596,795.5137310474133,0.0047609755672677,0.0,4271.377796739414,Running / Sudden Motion
55.62641456532147,63.42377735991822,36.05447295808035,261.38251196082786,0.4572570134826698,5.7886854838461925,253.30484166083,Restricted Area Intrusion
96.54788897070108,150.7995408708485,485.78337461921785,396.87752993410527,0.0282700667630378,0.0,4830.779830165674,Running / Sudden Motion
55.51251448269342,89.26360588410037,83.33109141701203,370.5757657399742,0.2526514168685271,0.0,229.6313354945764,Normal Movement
48.01394849245376,51.050358440706816,246.217157238296,258.0351933029044,0.2998651711947765,8.121238719117489,460.4525824066625,Restricted Area Intrusion
105.12378249370288,176.49593143467854,542.0839211669564,550.3975725533965,0.0353697736214117,0.0,2414.691514320125,Running / Sudden Motion
77.8857436806744,117.25393126041446,612.1460508851347,520.4480581494636,0.1862304670932927,0.0,1520.9829350510345,Running / Sudden Motion
59.00626405832281,81.90678405002717,329.8519311903907,115.62409437096946,0.2221846840551055,0.0,242.59733822586003,Normal Movement
11.976482862002015,17.41750545232026,36.55696884540298,52.01121770977271,0.7996002167969763,0.0,51.03259170757342,Loitering
189.5293684232,244.7450630425867,199.56503402170588,685.2239836213075,0.1207241525563103,0.0,2085.2034854534177,Running / Sudden Motion
12.880096807257962,14.444937519696028,18.045139674564147,58.59801208842702,0.7055620030681672,0.0,15.907175482750224,Loitering
31.38864079974243,41.436395393913486,113.58796053249988,142.0690164677205,0.3744509853502976,0.0,136.99217078763843,Normal Movement
11.30052920925818,16.589445381656862,5.83518458394297,74.47937256234181,0.8605136373110678,0.0,76.6701587432286,Loitering
121.32326980672362,153.54231142393576,356.949958427346,605.1213593830248,0.1420998993296809,0.0,1459.649988146244,Running / Sudden Motion
54.51663410949919,74.25845690786176,94.37609641809888,420.6044189407672,0.1927054205448686,0.0,173.67387730416178,Normal Movement
48.46201642984434,54.09320902350168,392.9363754604751,238.4007657493859,0.2877250134763294,0.0,267.3956156615326,Normal Movement
91.78803244448036,172.06745240885374,300.73717928264705,894.6682232657574,0.1409277037860309,0.0,822.9331688446296,Running / Sudden Motion
31.575487389285485,46.60607785639282,160.93528507252086,105.46491171955014,0.1475513522949882,0.0,83.81930124191182,Normal Movement
122.01628506584056,188.7998290909601,682.1998402487803,490.7864268039684,0.0272375275083413,0.0,4269.599828084978,Running / Sudden Motion
134.92704578910846,203.47663777235175,226.73006241241356,435.848793391476,0.0466743397431326,0.0,2043.544169792647,Running / Sudden Motion
42.627482451526255,45.914047236766514,261.5684527239604,135.3438315385631,0.6729665494630255,9.349617009285094,439.7556599565653,Restricted Area Intrusion
84.46905219147672,148.98482306481552,428.0152029862642,423.5562164550423,0.182585561681615,0.0,2951.1252172718227,Running / Sudden Motion
74.31071076404615,132.99763449975617,191.5324322415681,330.8961787759132,0.2829611630530009,8.665224873266531,800.5336611418002,Restricted Area Intrusion
112.48732078988746,141.18169451312252,208.56944366827776,296.6432102663333,0.0834672080346803,0.0,842.9934159630881,Running / Sudden Motion
46.73244203818509,76.94544817483735,216.0313636830356,318.87130230021535,0.0559187992510629,0.0,43.213721325432296,Normal Movement
54.36828819623235,66.11761349003007,338.68379464195544,93.50274594223572,0.1573207534797231,0.0,262.51267826218054,Normal Movement
2.9365740331458703,4.11149722016877,17.012910594633613,16.237462451922948,0.7153641644989912,0.0,53.07564019360696,Loitering
28.87499417787799,34.33506323567921,247.0814952488076,376.111842540161,0.0279726525907444,0.0,149.52569951131343,Normal Movement
12.939961886296366,17.262986258425624,38.120091985235824,48.76201636021822,0.9969893171099672,0.0,24.14100662908927,Loitering
34.277669062865954,54.25583583036253,355.2003896961859,235.22007466983823,0.2270982396375011,0.0,30.05058405210584,Normal Movement
8.060979383540111,9.856965709903749,0.2925011336803618,48.08466451543683,0.9116270607173836,0.0,17.455238357527126,Loitering
8.259621912291042,9.457464679443424,48.57880624540281,51.62513093864637,0.8848224761938865,0.0,45.47927573170498,Loitering
19.08592767537943,27.174681675002702,93.9369649629701,258.1335195060901,0.3399847550566346,1.5587807140336856,786.893439430354,Restricted Area Intrusion
99.07752393649952,124.57448613395094,620.4885293003521,828.7650808388025,0.0779828065287086,0.0,2005.4203939756535,Running / Sudden Motion
44.375425102109176,77.36308506874015,94.17748048168086,212.6210806953583,0.0289819894383487,0.0,283.99349986377115,Normal Movement
127.25735546025864,154.51861125515228,311.579160470789,679.3823108906814,0.1452417046847913,0.0,4316.046353190726,Running / Sudden Motion
57.69980033111782,63.5529414165363,40.05963206650591,305.3849914152979,0.5086675708207449,3.0175126933362915,361.4962455974415,Restricted Area Intrusion
64.16533913223265,90.20639111301152,190.48654159900912,883.5801094171445,0.0011002348079597,0.0,3759.858400594044,Running / Sudden Motion
14.529757100658394,21.55789733264852,1.8399700200058988,33.68361259620637,0.9158854463957986,0.0,75.28858036578309,Loitering
8.849778333645203,9.339836217739592,3.975278154618511,61.31272500773469,0.7525275672763431,0.0,88.93018507672134,Loitering
8.637504278727057,11.08779390675951,41.43687695968561,22.72175761377242,0.7537356210775543,0.0,30.17854337456115,Loitering
8.794656351676709,11.266614604186854,27.182256751321404,321.7108203132979,0.1791487803216719,7.056474298837955,547.7565016851506,Restricted Area Intrusion
1.0944201174020365,1.134465327390624,22.55942227667662,23.382521175127444,0.9869428482603742,0.0,91.09858394978042,Loitering
4.548729272217686,4.899535511656053,36.00702237831536,48.64990440919912,0.720355652037146,0.0,76.02957880874366,Loitering
2.463800808814,2.6270846669717374,47.70541395350038,26.364851783291755,0.7743215132586028,0.0,32.20806062960361,Loitering
91.37086858429949,177.00301150274856,245.50802541041787,636.3519474743817,0.102852345936724,0.0,4063.1292208815858,Running / Sudden Motion
10.491355654834688,13.0319191998747,45.93989964911712,65.51258353928414,0.6864471406625289,0.0,13.391564365355846,Loitering
127.11047144360823,219.2146302658948,439.0022585722268,757.2819703838613,0.1349338362511547,0.0,1108.2932521741254,Running / Sudden Motion
127.5749041402437,212.69571086527293,567.71872833269,597.1783024274737,0.0733425032582419,0.0,967.366463270654,Running / Sudden Motion
144.62072258188462,198.95460253675063,390.8469703341148,445.0990796058577,0.0452870380199552,0.0,2800.297997949096,Running / Sudden Motion
124.09681055461954,205.11337701312485,492.5810612713143,627.6643231853553,0.1679575247712363,0.0,1198.7181720671415,Running / Sudden Motion
19.230954097597365,33.94063330804814,314.4949187436524,448.0322378708357,0.0545882216178043,0.0,102.84668097893211,Normal Movement
12.778017836198163,14.317623062177416,26.91967450433124,18.810441286188684,0.8233552157350448,0.0,15.24665089783862,Loitering
79.81573611665652,118.73312902797808,158.70362044609232,316.1575420278521,0.0253327043344025,4.556704078059292,108.82960299681024,Restricted Area Intrusion
49.50940056482389,82.40736299655023,164.87627164923504,470.281742482583,0.0377366010558621,0.0,298.338061957352,Normal Movement
11.404129270295224,14.62210830357843,25.438044110958984,59.51755269906364,0.8968425924674628,0.0,83.0346840613561,Loitering
7.873655699323704,10.927554687668218,48.87529920644656,38.32746219786743,0.7698102521866621,0.0,37.35910064723913,Loitering
5.569207312629405,5.714791991121945,37.12446455278111,16.29895680746847,0.7399570054769602,0.0,77.52332521932148,Loitering
76.13745237806633,95.17261853517324,360.09370744921955,619.0814673532551,0.0495356001380324,0.0,1283.758531421122,Running / Sudden Motion
10.439004036032532,14.85219705806093,36.04590950393383,18.049066930220118,0.7781759796800901,0.0,15.8413713447778,Loitering
17.189989116267924,22.40055593212002,67.93169260910084,280.52652603918216,0.0173378249843717,2.0216861708341263,903.5820284038152,Restricted Area Intrusion
103.24726760873736,175.65556774678586,627.1394199594417,723.156949186411,0.0820557976828368,0.0,3887.80252694453,Running / Sudden Motion
69.93719656493687,117.39976744368704,181.92636653722852,211.7549339575755,0.2780894328023467,6.315828178404107,133.36109378993717,Restricted Area Intrusion
61.322128469831696,112.13205421948145,187.92403133521316,735.5125992523823,0.1571853067667078,0.0,3659.654644919242,Running / Sudden Motion
31.696089702657016,45.85622380616998,106.6172548490644,91.17837821829268,0.2613872787249483,5.06862384555614,723.521102800457,Restricted Area Intrusion
77.54068528234863,99.49806084142776,543.9852400712816,558.7362535869192,0.1740775210805086,0.0,3558.7219321293856,Running / Sudden Motion
41.91810396339549,65.39955684037348,227.90590615969677,204.5050747053687,0.4761980291876456,5.110293915305766,662.7274305890087,Restricted Area Intrusion
66.39116615252937,117.70207169786993,164.6182439467454,213.822436796173,0.5848688324268673,4.535460247048832,167.86771986036547,Restricted Area Intrusion
104.65800555416187,122.97458862683372,403.8145894391776,267.56653351395136,0.0211242443021751,0.0,1470.3395961619462,Running / Sudden Motion
6.381232121655708,7.18179894264112,17.348001268376496,52.8655053934522,0.7707597953949151,0.0,39.60589447836546,Loitering
27.513399560156586,36.1331611739359,205.487092651659,336.61476975538386,0.2538516469673052,0.0,129.4251600098154,Normal Movement
67.91786118426701,123.5871301318301,241.355667005406,638.1387817557713,0.0205388780301285,0.0,3849.539079691175,Running / Sudden Motion
12.89775085298301,18.35000352014208,5.452715324121566,57.12787908574386,0.7878421646647578,0.0,99.97148510628928,Loitering
129.53001682680306,159.57147575943776,384.2956542155307,365.03982108177104,0.0547377437917169,0.0,799.254990403201,Running / Sudden Motion
9.77943519049628,13.020934167258364,24.001549971310848,72.88897425252316,0.8288070022446152,0.0,35.50600707950247,Loitering
79.46133145651761,141.77468941115188,65.4114579228922,391.7524986878549,0.2294694101013656,3.669386290179165,690.4635833635145,Restricted Area Intrusion
51.03978792382935,77.35474923772193,326.09219557404595,413.9482323728961,0.3784108251269321,0.0,83.4811726133643,Normal Movement
47.6332494382891,76.0066549001859,311.11733139551006,213.20433187459108,0.3560077828470782,0.0,182.2108589282498,Normal Movement
181.34210399391813,202.3367307978262,547.5555441231586,437.4757863809772,0.1202436266120346,0.0,950.9732269364708,Running / Sudden Motion
8.617014889070376,10.663544941608492,26.58282142344427,10.047805300174735,0.9640492836365856,0.0,91.04123398316256,Loitering
42.42646141242816,47.76313136406371,105.46060829691612,309.03636507275303,0.5921943356009124,3.802720103575762,70.62134499869916,Restricted Area Intrusion
9.47502578369904,10.36501839185775,42.91713360462646,9.00132367588864,0.8583254909808273,0.0,98.38205002316064,Loitering
207.0050009307309,239.19681117485104,588.5767482783335,281.70299247317155,0.1148542939839171,0.0,1423.8147547953463,Running / Sudden Motion
4.712323321175135,5.045223675338278,13.346682446886426,69.47602259314903,0.8608459367536937,0.0,37.79886731972337,Loitering
65.21052903006293,65.27822780847437,167.5644567117604,271.5642457325481,0.5020438148163071,4.003499389264671,302.6879764054763,Restricted Area Intrusion
45.60157209335512,55.94970980447896,289.43633581799565,190.65967983951344,0.1420871336484799,0.0,111.16958909345529,Normal Movement
22.854170923205476,37.36321532177894,228.7381725619402,466.0831445312349,0.0130369772988057,0.0,29.42362380827708,Normal Movement
142.84144731026743,187.93316078430337,575.3150044051679,428.4506089548031,0.1836847467223843,0.0,3826.100288702527,Running / Sudden Motion
13.267472221567512,19.58167750790764,21.392548366416182,63.80456807305304,0.9398787595600124,0.0,31.56969058381931,Loitering
0.467337162400056,0.612499837747627,31.3327591001677,10.310035383024417,0.7609645470183086,0.0,87.28055319953978,Loitering
35.98580166408381,68.47597988396227,100.92231814695675,86.49202258755898,0.2169998247686395,7.713460932467015,861.2554696052433,Restricted Area Intrusion
32.110601275468696,45.01658395541732,337.1152399587519,214.7514962947232,0.3032144845031344,0.0,282.4680038260676,Normal Movement
99.97379532959864,151.47040158724923,502.028770062,716.4631764700395,0.1759474205315229,0.0,4453.71941090084,Running / Sudden Motion
181.34231130102185,214.3002692095252,285.4293834760392,289.201532656977,0.1562180887165159,0.0,1728.8127181569275,Running / Sudden Motion
65.80739127366904,70.7880905093762,197.04730100998063,74.5522682753677,0.4581134015032607,4.468394984323217,720.9220248832946,Restricted Area Intrusion
12.981477834331503,15.489330179023076,19.795633952035114,27.86835089636871,0.8315456049031158,0.0,54.48500336894608,Loitering
37.90203682881094,65.75853407029656,202.56233589545548,351.77015522019656,0.1369449733200216,0.0,128.36543378699378,Normal Movement
63.03845440374527,114.7071084835574,659.4558265893652,209.6933521817776,0.1203715478472643,0.0,4768.884701256602,Running / Sudden Motion
43.52888002564883,51.108484796239686,107.7154630017303,256.0280141128476,0.3864927648572727,0.0,182.8523404379681,Normal Movement
4.3365492179176535,5.854363460995406,0.3674069532131341,31.65233242401783,0.8654308431653529,0.0,12.975719007233687,Loitering
59.51098512076225,88.62248548413827,345.28370849978256,495.9350990170345,0.0566383554275098,0.0,139.9912278437618,Normal Movement
11.707702184996764,16.845729557866697,278.40773219767345,236.37829464214272,0.2507540483124943,9.132708610449836,394.7458346171487,Restricted Area Intrusion
81.54022532649904,138.4794080987548,258.223402924568,461.6970333624432,0.1211697790663155,0.0,4040.5592102036426,Running / Sudden Motion
7.189570240766786,7.412947255284012,12.9060749824779,65.3025333788116,0.9131042136707423,0.0,87.58166328973778,Loitering
110.00669012902046,131.5935498759854,480.47196680122494,621.5364445125272,0.0591833210809623,0.0,1744.7615896505706,Running / Sudden Motion
28.075142821333703,29.39336195058217,34.589269992591284,197.8386800542361,0.4847316526107433,7.15166996512971,189.16015122460595,Restricted Area Intrusion
136.17680299172136,230.07011836707863,398.8796192269908,446.9140829822365,0.0236252453229047,0.0,4754.962853884216,Running / Sudden Motion
101.52357855403784,128.6364936344611,465.6468114645096,687.809034667359,0.1287915893218362,0.0,3709.693767829393,Running / Sudden Motion
75.81658651411662,121.52574868939143,133.29601428306972,233.9081105420975,0.6203015609124491,9.172062280785612,406.0872839963664,Restricted Area Intrusion
35.871541274890134,47.615317149530746,112.87929824915096,84.87739423354832,0.5576183554716959,1.025996801168666,677.9383913268748,Restricted Area Intrusion
40.33548420388615,57.72092605047451,282.73872308442003,168.2365920058841,0.3916972958347177,0.0,38.44314985637041,Normal Movement
38.86985308213855,58.90574310648291,67.42267315957595,296.3560182753994,0.1379325037595351,0.0,132.17123702814382,Normal Movement
140.66077591986132,226.20144418790676,397.797156413125,665.9110169862788,0.0260935109544856,0.0,2458.341622243558,Running / Sudden Motion
29.27125017702219,51.72316480535814,158.91206496764033,296.32399427732014,0.1023860362270411,0.0,281.45263531419937,Normal Movement
159.34274965799358,230.64709287562192,442.2268155467261,516.7131794525675,0.014518285264733,0.0,4063.108558480377,Running / Sudden Motion
71.41563182045132,99.7380133129122,451.0302967197358,729.7265827898666,0.1965289504673316,0.0,4101.321061861956,Running / Sudden Motion
64.44743547206527,69.51023249513437,160.15291979598973,268.6802758298619,0.5751822001626593,4.899547071884011,244.48949678949376,Restricted Area Intrusion
9.22784307495276,13.236646915796785,18.084233751107508,46.18554326641848,0.8305616401555167,0.0,90.37907080779704,Loitering
30.42211392397301,37.2386403436348,290.5519806991416,435.3231757493217,0.0161014959759695,0.0,140.39347964257738,Normal Movement
104.36213558602476,144.82896294993654,584.5210219010253,363.7943599122687,0.1928179949319331,0.0,3206.5497589639854,Running / Sudden Motion
128.79713906721602,200.39040473793165,187.01161625213555,481.9565647110775,0.0521177988962863,0.0,2029.692049329332,Running / Sudden Motion
75.17928590272429,148.02634525712273,182.53890557372404,446.2587831492504,0.0924210650397365,0.0,1334.23292583707,Running / Sudden Motion
14.062596948934774,14.556971925555237,32.58697227517805,100.88690693772226,0.4257459579148666,0.6676738078556652,293.8764855095757,Restricted Area Intrusion
14.16721284484121,15.638695616039335,34.144732797432255,14.621856828283256,0.7233587569143718,0.0,45.09496488833706,Loitering
29.59825488637223,49.09893396637562,385.61575872524384,447.6236831333564,0.0614311467791026,0.0,235.2397161412942,Normal Movement
1.4750890030858457,1.549086339806013,38.16935270716417,9.826571128740468,0.6739960406226966,0.0,88.88164830096625,Loitering
119.89500379063996,209.89311809131848,413.4601515226574,380.1133354939551,0.0006989962218694,0.0,4853.645328557134,Running / Sudden Motion
84.14185906311167,121.17416072184363,174.27983189076886,490.9159383211946,0.1576438083999446,0.0,1254.3433335295922,Running / Sudden Motion
1.644838487875474,1.95813116090301,25.298220929682863,37.42439719018311,0.6880052917375437,0.0,15.352829404463051,Loitering
0.2827736855692997,0.3471077756964695,30.90369191220444,39.52966903197676,0.6957258396089958,0.0,39.74740836906482,Loitering
2.863277198583355,3.734144042241907,8.89072320227714,71.1289567456078,0.7234162312146946,0.0,9.113144542638263,Loitering
23.52135712527842,30.58324735672344,387.8868862631029,119.60014246496294,0.3469212162004725,0.0,215.27472937641983,Normal Movement
7.783956528632117,10.326956443123402,17.966951698169435,37.9323170976782,0.7131197344312298,0.0,75.6515867645341,Loitering
73.35667992504257,73.54846047581793,198.5328905488822,96.03368163860353,0.2066348581209488,3.3262518974880937,488.2983432407364,Restricted Area Intrusion
12.178424574075294,24.01207442194665,206.06345524182709,42.41911550717796,0.5559394544570991,5.3311566881361125,84.44757635769085,Restricted Area Intrusion
170.38454663182495,234.88752774967344,187.31683059719737,389.57780411282965,0.1416437960817528,0.0,2773.9283630929626,Running / Sudden Motion
151.20587771963048,241.8150772002284,624.888565830729,754.730865891144,0.1551597554802171,0.0,4543.635393684457,Running / Sudden Motion
101.54234447284092,144.70452892949703,560.2646811569798,585.7560714554513,0.1487183014824613,0.0,3511.197820038267,Running / Sudden Motion
73.63478369232996,115.95551983414336,161.06478531166525,33.91657803027903,0.6283635473038732,5.666959469617005,826.90192771713,Restricted Area Intrusion
8.220894147639491,10.508586138652891,2.8778017971977263,49.84628848398176,0.8002031264577069,0.0,70.90436302344372,Loitering
91.45686036233856,176.03295760859737,396.56657836720655,835.6290934318554,0.1423473458689238,0.0,824.1975034470751,Running / Sudden Motion
83.94391732567186,111.86431521247624,325.3747322228524,293.3444436263453,0.1202242234431752,0.0,3939.534999777836,Running / Sudden Motion
45.47793297139788,50.96826108585677,196.46088956815188,456.1666501811527,0.2686451235423435,0.0,78.92092537457322,Normal Movement
16.993039979463187,23.65955384633868,48.38502315205723,375.5952410375103,0.4566044312416131,1.400818512387478,790.1768877566561,Restricted Area Intrusion
7.589632558666988,7.972193216291223,32.94230742367131,15.048291442175572,0.8289105368752531,0.0,5.438197416681778,Loitering
132.1738023116369,185.7861555932294,639.5894066783915,518.1232097149377,0.1623141392057686,0.0,836.923985957154,Running / Sudden Motion
215.8480345757397,243.9131497256068,360.0553861550882,428.0540787682854,0.102002116451813,0.0,1883.4276024565631,Running / Sudden Motion
5.095255882042651,5.20312104942208,43.43728879017667,48.68223011916336,0.7543428021592927,0.0,6.941653144936555,Loitering
2.5996313984387416,3.3587866198974563,21.028400501865622,6.139257851150341,0.6744435073727262,0.0,19.527718020659,Loitering
122.89864644680164,143.52092159050733,545.8283345855323,849.9696950965672,0.1815604105524919,0.0,4960.531142114706,Running / Sudden Motion
191.01064133487012,241.4487820829208,219.77636479101065,856.3948595006347,0.1164740303636109,0.0,2066.794414611188,Running / Sudden Motion
73.90909820500997,122.664913046369,280.18688271624893,205.53261032566823,0.3182324768447509,9.403773257983756,960.193513961098,Restricted Area Intrusion
164.84620247685012,214.38962560279413,576.9077058179589,685.6051004652205,0.0271541364578353,0.0,3276.176348905431,Running / Sudden Motion
0.183852027975408,0.2419703692452285,49.934774626019134,27.09120153424944,0.7143770583641569,0.0,28.17669578263532,Loitering
57.62465766233145,90.38005286925036,163.23079407468157,106.05661024018326,0.1806757825644627,3.9057237900642394,19.191541569268157,Restricted Area Intrusion
8.448841987054644,9.69317085391371,1.1400123787484728,51.08024382982401,0.9389140916429668,0.0,45.05398055116595,Loitering
7.025066141877206,9.116935467331537,45.96110496845251,33.17044790965267,0.956258161570884,0.0,16.342928813683656,Loitering
14.959661138199513,17.579829646941505,0.6107731457675403,14.421878416374108,0.8437299647454338,0.0,34.4257787144652,Loitering
22.557209126948862,36.51043691275001,326.8010291239704,137.3985947271087,0.1573828295953287,0.0,268.94244865517805,Normal Movement
42.2834729186722,74.29898574990186,177.17790141395002,313.9407483902091,0.118519852181394,0.0,59.24199239408517,Normal Movement
16.90577482110752,29.05937011700901,301.256616934211,152.71369549745134,0.0366884023296792,0.0,63.224636375292505,Normal Movement
22.44216751643673,44.322546579987545,235.88923906294497,376.5333717400474,0.5646337849656208,6.6914775125304,291.70746887437593,Restricted Area Intrusion
37.122465043385446,61.77444993309789,364.3558000430714,109.44806145855723,0.2299282924960461,0.0,145.50927668877702,Normal Movement
35.80025685646507,47.5724140163175,163.86340820619785,185.3582144951513,0.1460188987539033,0.0,53.48302860087759,Normal Movement
55.96471095833636,69.49505766961435,244.30687188324453,374.5842625222416,0.3811689873942263,0.0,186.9175400372804,Normal Movement
102.01524025122995,158.7027723887491,651.9849949079248,843.8441907535915,0.1301771852647333,0.0,1087.2566171998442,Running / Sudden Motion
29.091907366914896,43.57757136173372,248.5688070261726,128.17675726968963,0.1619857784607939,7.385928513101472,449.9831522502567,Restricted Area Intrusion
94.38810557845731,120.23497701801016,634.0852211172139,676.7118766388826,0.137150408185643,0.0,2800.7140595047463,Running / Sudden Motion
122.09408003859542,165.60001412486713,366.3391958201736,552.9269263559797,0.0211415258040204,0.0,1337.7673059687309,Running / Sudden Motion
11.429222678462628,12.231840746189372,15.352595798125437,38.42994975197996,0.7628119013501977,0.0,38.70171156241836,Loitering
49.84446372638295,78.24892898188948,173.436837831601,457.313949891845,0.3050128588282609,0.0,88.45513286395095,Normal Movement
103.69922342859113,122.07723038080496,260.85576021923725,694.6754515330722,0.1526648723090692,0.0,1896.4867909637965,Running / Sudden Motion
6.089165962319546,7.322303440739278,35.62406418799334,52.01915117785168,0.7144490653426933,0.0,10.768912229586135,Loitering
193.9281629663001,219.52479308944356,269.8080832761541,212.46645047876945,0.0874523151476212,0.0,4707.879437162957,Running / Sudden Motion
48.72085470881535,65.75758792781195,114.89951655624046,338.5825919614574,0.295353211067754,5.5102615636123,567.244132424134,Restricted Area Intrusion
17.274119489252598,29.49031594634665,163.9720777711129,339.94488009288085,0.303986753480292,0.0,47.20504496822485,Normal Movement
20.897598820079097,24.797668840887624,375.3712673422126,246.98284140647507,0.1203794767123759,0.0,151.68937315194466,Normal Movement
18.546673941836737,29.448839199457385,60.27577975409736,112.76522178343969,0.3927643900075984,3.055343864885002,643.2716270270698,Restricted Area Intrusion
7.828307307759498,8.599316610772409,3.8180901736304618,20.17314641315736,0.6691709375866527,0.0,13.939738312098882,Loitering
68.15897072378282,87.8289413465468,175.38442659921614,381.7307005889169,0.2328100658352402,4.67435302244672,889.9251813586347,Restricted Area Intrusion
77.8969424973971,102.14381455829717,401.2826841166644,682.1698680394134,0.1193921411081107,0.0,4512.710560362637,Running / Sudden Motion
9.690175859562594,13.248572345385092,33.65131318559136,29.90881387341652,0.93919202029464,0.0,71.5543997117482,Loitering
13.099483598679576,25.89705520373277,79.40684378052265,285.61619546604527,0.4455697803779387,6.495876216103536,214.6369596000695,Restricted Area Intrusion
3.552909046909321,3.605904430133176,15.40634810181342,72.64660176363456,0.94097674405906,0.0,37.20037567196589,Loitering
48.696935085017465,80.8842750598798,227.02753177306448,455.0730282052473,0.0575634784314233,0.0,264.92994610109844,Normal Movement
1.6524089407998497,2.463008007972044,8.802165994662781,19.455716809305912,0.7009539422357826,0.0,57.01930386989381,Loitering
23.168539864936218,34.074844307482216,300.2766132464968,321.6238801039709,0.0372437323434123,0.0,254.87849810801623,Normal Movement
14.244045643511903,19.008945489461365,27.35831354720504,38.6448356012851,0.9398680634631658,0.0,84.96572024460698,Loitering
14.852184210836448,16.65394254461876,13.711928611266927,66.01449121854046,0.7061388817696282,0.0,66.05836755045516,Loitering
56.80056147823223,64.71431444051954,60.96522111821479,115.21107280086676,0.5256374929375658,2.403352666477372,45.02164275696513,Restricted Area Intrusion
5.129348319223927,7.631414345290381,94.09264130218332,61.90617905604733,0.5923372299234423,0.5755220008606619,732.8618670348067,Restricted Area Intrusion
2.199347142965291,2.6743687996049497,14.20029081679115,13.912065669651948,0.829214676712209,0.0,16.56330810123454,Loitering
47.54941489352204,69.60414406798712,185.19901132444613,101.15949008119284,0.057202960530554,0.0,65.97730496641748,Normal Movement
161.0015352316582,228.2157698962946,289.78375846545373,685.0826471394657,0.0869602169099855,0.0,4134.737947059877,Running / Sudden Motion
3.4171672662957606,4.684630337953256,11.895494333216538,78.54802063569412,0.7297255168364216,0.0,23.668400359765627,Loitering
30.252548580447076,49.68725209487384,51.0015602922412,292.5099638268908,0.5883194429437402,1.5002088521409125,134.60452282636555,Restricted Area Intrusion
4.491172422247866,4.597577804333338,1.2388937580798398,37.25199272341409,0.9591708447460388,0.0,24.40627787931904,Loitering
43.55431192283088,58.37605000615931,202.92980231179425,482.86789459472186,0.3007852486299662,0.0,166.84842471403584,Normal Movement
57.77233214112177,97.08093562149404,154.24736767158353,102.39653567200308,0.3761405650152722,0.0,281.7481902151134,Normal Movement
7.902055315273164,12.71393029765435,212.790712460908,31.244045905610157,0.3575500347959753,4.080308115652852,794.45697400058,Restricted Area Intrusion
7.854407543170267,10.971817882076838,15.012405431465076,20.143041389857707,0.7727568831101475,0.0,41.00505132959776,Loitering
10.026653560586604,12.837389461461656,44.25814383169205,55.43296791625927,0.8749554057768834,0.0,18.97681372107681,Loitering
34.41904968694287,60.164492450143214,220.5494332014052,338.3454959372161,0.5519634105232353,6.162321854199402,148.54900162256808,Restricted Area Intrusion
15.48274402390543,19.296768776358835,238.5300230088688,148.77554778848426,0.0663627471506134,0.0,252.528244259569,Normal Movement
14.060404823681768,16.10247006935203,20.61153248438484,61.91481801944648,0.7702835603482999,0.0,36.43570713351794,Loitering
49.04803840073276,50.3165385128405,214.72360745889196,213.51680103004009,0.4376757053814893,3.498845737573653,154.36197168720025,Restricted Area Intrusion
38.11724210348603,66.38267531236555,215.667160636786,300.87289538541427,0.5260253699184797,2.3121809656515278,355.5609550053783,Restricted Area Intrusion
11.447806235928656,12.851684160032123,4.238737138612237,36.03498574131106,0.9206827508484694,0.0,85.05619435867413,Loitering
22.215215622429064,33.92896833777845,328.89414449351096,425.1899027241822,0.1238174032550509,0.0,169.19681448140383,Normal Movement
175.84629815205506,216.9437312782516,228.31335874354855,585.724309227892,0.0845416828886765,0.0,4962.539705898398,Running / Sudden Motion
145.27321059488122,194.8463384423019,637.7040586913924,240.9782003899691,0.167535902401516,0.0,3582.603202942444,Running / Sudden Motion
40.16432223354361,52.726319233950726,70.4780637530994,263.42130347759223,0.0858338691278116,0.0,128.4733066801445,Normal Movement
54.24469359016082,82.53241028946569,105.48738470191086,371.4209203677806,0.3390665871991893,0.0,78.88534489515509,Normal Movement
36.32697319371351,65.04853574069827,91.89466016262648,253.19746400483436,0.3502156178108945,0.0,92.37488005268948,Normal Movement
121.9488734796806,216.91173987314505,456.27688736696825,769.5748594770224,0.032217402284837,0.0,1513.8019077909694,Running / Sudden Motion
116.22633695530054,144.2871341909302,550.5643759373625,620.6238585558699,0.1116962346811688,0.0,3832.695351158176,Running / Sudden Motion
53.41676504453356,89.61065482781876,252.50874014914135,190.94285089960803,0.3482569307367483,2.1717341322836043,618.533088860127,Restricted Area Intrusion
5.857274846527814,7.406445664056148,1.6741784498550238,33.72484566270077,0.8160456157124254,0.0,25.520889959908168,Loitering
52.67923659024269,68.17313219268246,89.75461594738181,188.9437323668091,0.5605060800227917,8.06353528587479,43.042463299386114,Restricted Area Intrusion
27.590681774183885,33.36322263738775,293.9669446516429,148.45459151957385,0.4697476694266128,6.939489886439141,518.8891511435456,Restricted Area Intrusion
7.639504698372328,7.717307223577565,25.152290241383884,69.19781001305937,0.8982459038997869,0.0,79.57086221250049,Loitering
2.4705921073629646,2.8264587551967426,25.499446475593228,67.751091423325,0.7101136011239473,0.0,61.214987570951415,Loitering
57.300855486338165,98.64870471395972,324.30196253141537,297.4178389408462,0.1962431662047487,0.0,163.62624319292442,Normal Movement
2.1800656684071336,3.266857139160352,1.510960187567495,49.80019390335822,0.8775742959635981,0.0,68.17893419696483,Loitering
48.03130137146313,72.4773950506678,43.196892740762166,331.86841945320595,0.1836220240163943,5.6441014595836405,642.6484878642291,Restricted Area Intrusion
31.23647526378819,38.21623141045104,218.9447434057144,244.66520941448616,0.0963708465657248,0.0,228.01640567692664,Normal Movement
17.13176280282704,22.281838564000584,107.52778075975516,265.25252043925934,0.1657415087977445,0.0,161.3441660597682,Normal Movement
47.22475848887122,57.2893705060736,187.846941681722,153.81073530932423,0.4585142062173187,1.8841271901744077,994.1744386873328,Restricted Area Intrusion
77.56185272829971,146.33324714148142,381.4112871518215,668.0899209524516,0.1676334068218792,0.0,3090.0256119162827,Running / Sudden Motion
13.122347314110812,19.132765105774496,42.51311925679898,77.34359033272334,0.8129249990091701,0.0,4.747349743309437,Loitering
88.71237980797618,164.03394697517183,336.52700389013626,245.5684283323685,0.0529093056034854,0.0,4956.984135192927,Running / Sudden Motion
54.99628793978581,100.6166631610563,488.9441192448133,624.880214126975,0.1944924369070743,0.0,2248.0177175239783,Running / Sudden Motion
1.5957097396645137,2.3722267709573392,43.20693384102661,27.77338509036,0.8863097507333673,0.0,46.701835741319954,Loitering
7.6034960065248445,8.892005426853029,296.2562301204025,399.4534216437454,0.5038935439227532,6.312640120326339,779.2368835682724,Restricted Area Intrusion
11.325395662508676,11.535825261601126,27.688104713261307,48.190794390191215,0.7562050140871279,0.0,87.63446693975172,Loitering
101.73414582225595,166.82279501259606,383.5058206216122,835.8360048980101,0.100578827295849,0.0,4632.100205858453,Running / Sudden Motion
77.50195238999349,134.02616794880174,267.61886150079954,338.698604402396,0.1047564381807189,0.0,1196.7557700096454,Running / Sudden Motion
64.61324640044793,110.4503257475414,580.0610906832437,584.8855235243691,0.0047286237024469,0.0,4069.507728729309,Running / Sudden Motion
36.66234100975987,65.09473105107747,110.4421425138486,238.9220638005145,0.2671273793679179,2.282920261722957,589.7765551619807,Restricted Area Intrusion
8.126078574948426,8.649712533392279,34.444850399441755,75.79603443969474,0.7993784675825324,0.0,90.11053131506767,Loitering
41.147751286517774,55.25356512723131,260.91126710368167,89.57762583247295,0.3834236852965781,0.0,149.86799671344107,Normal Movement
29.15617060661292,47.86736488574823,320.0172738971005,434.5943901846267,0.3582018308787538,0.0,135.96128198533577,Normal Movement
170.1408654204995,194.6511790493338,229.9426677546407,515.6112911701604,0.1543215200211737,0.0,2218.5740033337715,Running / Sudden Motion
70.30733988081036,131.80961847301808,448.0704277063506,286.59138736967634,0.1296438669802845,0.0,4019.791404953383,Running / Sudden Motion
19.09184316474885,21.656759638085077,228.3689269617373,203.57883910590093,0.0324236858171573,9.846475315954892,674.5901511591002,Restricted Area Intrusion
27.816341489245023,45.93281620139166,275.00071726054244,470.2483055538494,0.3924019245415091,0.0,22.280373059624395,Normal Movement
30.04616520228265,36.54199703117389,213.37065467332812,248.9957709323172,0.3070644130794966,0.0,269.0077887603094,Normal Movement
31.72700669232903,35.91381670650812,327.5599861761221,261.8592503713218,0.1752953428350294,0.0,81.15331683075175,Normal Movement
48.99927941130423,62.72866453392985,341.1085598540731,469.5520410425208,0.2389578116295363,0.0,203.9948211075581,Normal Movement
11.942231379717414,12.786507896555472,25.919032363848444,12.246911822670675,0.8713999269250955,0.0,6.293001297054657,Loitering
193.6841628514896,233.5375750330645,251.3142428434026,264.029164868885,0.0338881201090097,0.0,4047.5350430410144,Running / Sudden Motion
74.59224453607646,114.45228925345542,132.5817432302303,70.42888381652963,0.4134438544775873,7.155186510960878,409.95661734971367,Restricted Area Intrusion
99.12661395752843,167.87510038569715,308.8405867486789,295.5291151798823,0.1837170898138262,0.0,821.5217234404615,Running / Sudden Motion
16.38204755355647,22.740521186389568,35.85328748507412,181.284595704338,0.5405974587430542,2.3717702125430806,546.4682796131399,Restricted Area Intrusion
41.39003278566582,59.82113785554197,88.5992137493399,182.34033070339967,0.3374353539050165,0.0,194.90072313875316,Normal Movement
92.92323472929152,132.58589093824187,387.51640062408353,581.5243220201771,0.1698131297274813,0.0,1591.0661318782927,Running / Sudden Motion
102.82785365917212,144.59820874475258,518.2141035171657,748.0004016517977,0.0160294419741083,0.0,699.0829047790859,Running / Sudden Motion
119.23950660681002,224.37988523707827,237.9601755276372,466.6892087313357,0.1708111025596358,0.0,1236.175606557843,Running / Sudden Motion
33.74149173546913,65.85894810701474,48.33771568326733,186.61438020633568,0.319963960125308,3.163249492377046,285.721492110694,Restricted Area Intrusion
97.19004903406868,124.3994147872071,450.84963777126256,787.8328737751964,0.1162479189310955,0.0,2727.167731804625,Running / Sudden Motion
9.176405316727491,13.699699591753388,32.69935998755585,72.41126692526883,0.9040125821517364,0.0,12.738612172475005,Loitering
22.14252053287512,40.62826386200206,121.16003565428512,90.51375702838035,0.3861254010732588,5.149323205662025,851.5177000258168,Restricted Area Intrusion
11.335447641363784,13.290539355558227,8.013624009154574,54.94360254518699,0.8253040553343691,0.0,53.92305576556773,Loitering
28.70099369142148,42.679203571895066,92.97248215986296,435.23472227689984,0.2467024716309236,0.0,167.28567666763945,Normal Movement
159.8589435247713,249.9228976289519,284.4216739129263,387.1677421563308,0.0186692491361343,0.0,2333.803264600684,Running / Sudden Motion
77.1609289709746,127.50750769985956,50.64799571198236,218.43066781907288,0.4869319949516033,1.1210052362763965,351.20303675005977,Restricted Area Intrusion
40.45538841328161,75.25254493776991,200.88277490565488,61.13991805449932,0.5670619226832624,6.051691146053273,656.9904027321803,Restricted Area Intrusion
13.639519734604058,18.726681116455588,34.08998568490987,8.715120655015685,0.6959217362505216,0.0,63.83399638096628,Loitering
6.63222836196743,8.970884921924833,41.91617956479533,47.22366815497829,0.8949933576377914,0.0,74.9729350721248,Loitering
14.63841888421985,19.6486152092641,9.086478390596309,6.057098409639185,0.7670620122718266,0.0,15.28132640522074,Loitering
55.625376006608604,93.36702087317028,540.4242645751243,729.7901301556839,0.0784833700434108,0.0,3489.7202962005617,Running / Sudden Motion
52.82133716116013,98.3543928131749,198.4924588082872,866.8355819243606,0.1368103082435175,0.0,2481.4664320713173,Running / Sudden Motion
30.509541948975627,45.388615742828655,241.3615726544909,147.61656806904242,0.5211382446425418,1.8914219771511784,565.1176070776107,Restricted Area Intrusion
145.8255114482644,236.24585069276455,216.17191217799189,507.9983003989794,0.0591529730282362,0.0,4489.013333972078,Running / Sudden Motion
22.247055726897297,34.97016938054488,80.39688375901841,327.7117932194608,0.2736000414244224,0.0,180.56244095308037,Normal Movement
7.432370119030235,8.756511828240175,28.02997375331961,41.04568613695908,0.8872799806523791,0.0,66.69621635634061,Loitering
83.68997470442804,125.46919843560651,261.0001714596749,867.4507103797195,0.1991195053489299,0.0,2232.118048535328,Running / Sudden Motion
159.01405906017536,190.28369210803424,556.9420471773378,788.4035034067945,0.1250429579301331,0.0,2577.6115062615736,Running / Sudden Motion
6.129011514408754,7.951481276325066,21.812326047310883,48.426208234263335,0.8311268355377422,0.0,68.0966600125159,Loitering
12.236454173931206,16.663354613163012,43.45459352592645,73.01054402041628,0.7681213972345535,0.0,61.09586784166986,Loitering
6.229221206081872,7.081038290719835,0.7790350021262493,20.49723695392902,0.7593357342707131,0.0,17.820685648046553,Loitering
37.35398523627881,56.90256732970632,142.70565361291153,346.3239199853491,0.3102185518557022,1.2869048831608747,992.2775457609208,Restricted Area Intrusion
71.30229133945001,111.62849213142609,258.81982068543266,277.94208697616983,0.2019612725934497,9.762677610679846,575.2954924601629,Restricted Area Intrusion
75.59244175705575,142.63669943568885,114.33710984567516,317.3652689022288,0.0668528915125361,7.533428632701527,289.6345383165771,Restricted Area Intrusion
104.9259136019132,147.60850039906046,532.6810149113378,422.0187862607672,0.0955303975414498,0.0,4195.252541464109,Running / Sudden Motion
3.141492547893903,3.495912573083685,38.956925767180536,26.444371162770697,0.6750555557531707,0.0,3.64319473098611,Loitering
48.40430772380895,73.26095345824862,282.1693310632284,205.74098243622677,0.0965488246506651,0.0,103.52278067891292,Normal Movement
0.613049846575115,0.70950951972936,43.89568882940035,73.39907356786108,0.6883723710189926,0.0,45.80585416184314,Loitering
34.08898051990069,62.90056508910216,175.57164563684276,32.817440562349766,0.1321156990322506,9.347141429476345,608.1317117357413,Restricted Area Intrusion
99.8266574909225,130.72755388576147,161.29866899047914,893.7747071007187,0.0522012217605193,0.0,3525.09841194377,Running / Sudden Motion
13.659960633750654,15.18942812128051,15.537013388822846,17.046708110715258,0.7575203967713097,0.0,33.28053721226003,Loitering
50.44154263032026,62.02420916926341,251.13804947077452,122.79554607210883,0.2611688506255993,0.0,287.0513341744652,Normal Movement
5.140322705667471,6.808618549960832,24.884856473705295,11.991365950059532,0.6755644461666156,0.0,18.565769561737035,Loitering
9.363317537974453,10.544839711779645,90.40351047446812,166.06162493269144,0.624691208522646,2.771328705896846,326.4025724225094,Restricted Area Intrusion
8.516341752617867,9.10208018536489,28.203590946257844,9.619629568563557,0.8008097140937984,0.0,39.025862894719545,Loitering
56.50609373457015,65.62796104431125,98.76652505374732,470.4455188441742,0.378997218017914,0.0,101.26805976495535,Normal Movement
34.34806724550215,48.1821262470443,146.0318149760924,405.832256303578,0.3087397372916621,0.0,119.71222412489784,Normal Movement
7.971422582581052,10.307485371979876,25.508314664888356,7.701868012719985,0.8239817316323094,0.0,26.35496626769905,Loitering
0.7068737489335858,0.9581276696144378,14.344691191615691,53.877899783983096,0.869494091359243,0.0,22.68414846322325,Loitering
11.813438438095565,13.295491165215154,31.551407236652267,16.530145961663145,0.7773289437576228,0.0,72.43600948428013,Loitering
6.645779990375206,7.7905317153081155,37.66548077981585,45.71557160714859,0.7400566290592607,0.0,17.215788496970298,Loitering
29.309599362842224,42.59178261174121,357.5016803597669,437.47528326532654,0.0173900248051167,0.0,62.63453878299198,Normal Movement
127.8485110653912,196.9475066130161,182.5271771032044,870.5807089392804,0.1989196658216964,0.0,2204.006134545949,Running / Sudden Motion
44.5319335601823,52.302397129185785,130.89545674993337,261.5962476685916,0.6812579723661842,6.787214521135886,26.03321060908297,Restricted Area Intrusion
0.8558837539794178,1.1415045625483513,18.418554129675723,53.903636240365,0.7714608357562566,0.0,45.57407307994941,Loitering
9.03131739002538,10.941016249681798,21.331749877722533,19.55000333697078,0.8777796365312587,0.0,58.5068756092854,Loitering
2.637746239215089,2.9291220580600585,10.033331270645874,5.069458004855369,0.8158187131410505,0.0,3.8958789416123194,Loitering
79.55936856438598,139.8219699532339,628.1521307789966,879.5828548999948,0.0917167647752641,0.0,2038.8867343161776,Running / Sudden Motion
66.5958532476441,109.4363596577718,277.3377713080092,198.5588397023206,0.2735706560699261,2.698473057659276,225.8818596937131,Restricted Area Intrusion
50.02725736831928,61.84605161723446,218.68514126719165,98.39758163063608,0.0617157968270191,0.0,208.08419644031184,Normal Movement
183.8313598147138,209.0159028960034,688.4369422577257,825.2987904617875,0.0265852101953998,0.0,4464.884060069913,Running / Sudden Motion
43.89449642644296,79.42573353953057,73.77203363003346,262.7210298647699,0.3014414616610734,2.156949646415504,833.1258051784499,Restricted Area Intrusion
59.76708961293905,102.26378606956568,362.56566240459256,212.02613590456,0.1606646536037505,0.0,87.7446803979598,Normal Movement
52.88074632737496,92.46681891277332,90.606826877482,267.9435845955794,0.3577043760236711,9.585825132035644,905.6282973116204,Restricted Area Intrusion
35.27993338133524,55.95951876898627,177.04620970089965,95.05185576255532,0.0733587398694722,2.612124812060157,355.2217010075188,Restricted Area Intrusion
19.76740606459327,24.86823962934676,345.8366979814786,246.55214358811588,0.1576336357661032,0.0,81.33449527527986,Normal Movement
68.75690670679509,91.62201106251194,216.26499227651476,241.06699263277875,0.031282430421131,0.0,4222.4855103437,Running / Sudden Motion
124.00972066803492,204.41984375312285,455.78404507209626,798.7181675120811,0.0499045293944878,0.0,3838.311049664576,Running / Sudden Motion
13.186701768549575,17.337325411278066,31.75039579304032,50.68990127869615,0.8022094540475097,0.0,32.21060010672626,Loitering
33.33200309944738,42.10410649979562,298.615774851691,226.35081245946785,0.6042277796873067,9.155043058199585,523.2840256536091,Restricted Area Intrusion
48.18818117839766,55.43063518513495,235.3337290974705,282.26846746653825,0.3686739936950282,0.0,153.11690832653892,Normal Movement
165.44548602010696,196.95377883275395,212.68382287238407,847.2147873230542,0.1807843864822772,0.0,2884.2537809765863,Running / Sudden Motion
55.096406856708526,91.7222209467358,205.41673760351696,224.31095561912863,0.3247451512506928,7.241204365237836,614.3895366555288,Restricted Area Intrusion
39.62772785421936,59.14613386980423,231.8709585814028,347.4015175648486,0.1633292090531955,0.0,227.26050562150456,Normal Movement
48.907705335011606,83.96109200021759,154.5585413363059,164.87700269110076,0.0743064539484348,0.0,161.38356739628858,Normal Movement
140.77296253206345,187.3781981987965,492.2897148417432,425.2450296032168,0.0127503472834606,0.0,1524.0212908326353,Running / Sudden Motion
149.58760353637746,187.9453787779256,545.262135259817,260.1095585932529,0.0316500361880121,0.0,1183.9994479409904,Running / Sudden Motion
13.18453308579686,15.403956786691614,33.953710505979686,61.74102225514305,0.7648352832165699,0.0,82.16407350120413,Loitering
50.05483595601581,59.7748116553652,242.26313222219667,295.9736054799741,0.343028857649023,0.0,144.2118160221196,Normal Movement
62.227470010354345,78.56639446363805,216.6039586790956,332.1409073497301,0.5355349829080672,7.823042553586318,889.6219866895437,Restricted Area Intrusion
14.28301088113368,16.52463414491599,24.30791546008104,60.62677737838392,0.7349726449112872,0.0,54.18488201116669,Loitering
5.297817445814413,6.927505693271989,10.907459228051575,54.7195775420464,0.9184015321059846,0.0,16.663614302847442,Loitering
194.79285651752087,222.40152156912413,516.2547790003507,875.1790966854072,0.1868222838085982,0.0,1456.276963536516,Running / Sudden Motion
84.89897748717081,162.17078263271335,640.8074071761118,772.7046558907349,0.0912502289455734,0.0,1829.535879965683,Running / Sudden Motion
136.29464331575346,207.5908957744866,625.1226666125406,719.4348273246444,0.1486302886810105,0.0,4566.927039528505,Running / Sudden Motion
27.951405673261554,44.03469363363425,78.37846595032373,481.4614243593487,0.3923029871633409,0.0,224.3316424147596,Normal Movement
10.30086299337077,11.57905525153063,26.26934664259234,64.38723823960132,0.8848287462225652,0.0,29.83739906651327,Loitering
9.906917179656856,12.039392545610088,10.891864594179967,70.01315468104069,0.771100303533305,0.0,92.29434198401746,Loitering
41.78352084564416,74.95425633832373,147.58992376508854,159.58633641863065,0.0495703571014059,0.0,171.02412977101628,Normal Movement
6.145516148234918,6.704582833090352,36.58135077151167,38.63436967016435,0.6556899884624515,0.0,96.4013702359797,Loitering
37.23286216477997,48.7821362829883,222.2591893917708,231.0598433399766,0.0897663570698745,0.0,23.32934230864062,Normal Movement
22.954775232265423,39.01462460195388,317.8966401439714,382.1744414993934,0.1728372159100415,0.0,191.9195638037085,Normal Movement
13.6112277989051,14.261051034501904,35.60005134160257,59.59052847669515,0.9703642846914866,0.0,51.85805923513536,Loitering
46.24180960392989,69.6763090852149,127.9237215644196,417.7323009965504,0.2861628518463207,0.0,224.3053611355071,Normal Movement
4.967991102093166,5.436801927418743,36.36542798137155,40.1408772106405,0.6609470379461823,0.0,95.99424193443986,Loitering
77.05754891591647,140.15977490405578,149.47372055081482,107.81073887955176,0.2684086168944797,9.413826169418993,369.9187521294969,Restricted Area Intrusion
7.295376348999284,8.184306117577947,11.782897778451678,5.692919106388451,0.7796573569192818,0.0,31.825055461840325,Loitering
30.60288969575954,31.79297455389215,42.87802872324077,49.94982855506684,0.0170908404436187,1.9522876303374188,858.5703995037691,Restricted Area Intrusion
24.108237577669303,35.622486886408815,223.6676350689638,320.0593094928219,0.0196296190897092,0.0,127.2401723358302,Normal Movement
6.655043617240506,7.485450582931684,21.47116915107641,55.51413882962884,0.7485951860245206,0.0,91.52457760303804,Loitering
11.398895963911354,15.363158579991858,6.950253925613264,65.58754322797114,0.8870115865821633,0.0,19.48376864813919,Loitering
10.885625936066148,12.430068179703056,3.524475267845956,56.2457460888456,0.6505707966704527,0.0,67.57485115605695,Loitering
23.49353960597948,25.6044351519701,55.49655376293825,107.88998733945952,0.4061639479630858,4.691505635702578,274.2701174399064,Restricted Area Intrusion
192.0470805716257,245.7331055519005,306.3642764263346,343.13232850977624,0.0592175837309195,0.0,4453.193307332347,Running / Sudden Motion
191.79354648824605,217.3559770505645,221.8687799382608,818.7394352355881,0.1409593876569804,0.0,3647.235599310781,Running / Sudden Motion
57.15013613393069,70.38225033271497,96.48620336305694,289.0120349934591,0.2078198392438776,0.0,157.375945285691,Normal Movement
100.01256611377056,115.5238294233567,456.1640490492354,204.2646838477722,0.0036569082140566,0.0,4021.5834620794094,Running / Sudden Motion
181.66806463980188,235.57911848999987,324.4867288421039,650.0218270029768,0.1664136814896051,0.0,2693.6522611376145,Running / Sudden Motion
2.0083360406277246,2.306512425136644,4.322370663440312,37.092069738443534,0.7085750442588671,0.0,34.64067459744087,Loitering
63.229893453221365,70.25816528012018,151.5440185693937,253.7953110787492,0.6148427798593606,8.54758169748806,766.6351418491355,Restricted Area Intrusion
45.007497856070245,64.37215632195579,169.33859497561338,116.0722079637806,0.0978508531036114,0.0,13.244158395194296,Normal Movement
22.439009551528105,28.66087191301088,114.50608849396774,437.8119262738154,0.2336911440244873,0.0,223.18753398069367,Normal Movement
5.376109387531434,7.032776569875373,17.57796934856668,60.97049254865046,0.9304610641755516,0.0,87.5844593429381,Loitering
0.8066206435283318,1.0107554190400794,31.131483704039688,28.012537990463013,0.8010775728354385,0.0,55.4298135279598,Loitering
53.221103382683104,92.7668839063653,473.82168479112,685.9519417815939,0.0066856625423808,0.0,790.6597152262015,Running / Sudden Motion
1.272876653324015,1.598434673961194,22.536879390914365,61.34841084523572,0.8126109055175628,0.0,34.3815968924371,Loitering
4.8243350732886885,6.820984245885273,38.540514091619634,42.52367108146028,0.918750081471834,0.0,26.78756020772608,Loitering
38.0456168142146,64.2463807836915,253.48179978843197,213.6473133134522,0.1443075108342151,6.065092928063513,459.9718980377496,Restricted Area Intrusion
4.492687354119688,5.014019829514402,31.001577135583524,64.00900340168815,0.6700560340891841,0.0,85.02836851553842,Loitering
21.72609046450804,33.58292658798264,192.78427496245632,226.88718680194944,0.6662996558518581,9.95609116771418,839.0220299075077,Restricted Area Intrusion
26.964148265678386,47.95367396632419,324.7753073483702,381.09387944677815,0.1797446008575154,0.0,88.95005293509611,Normal Movement
17.131830900246683,20.502411729763296,372.3998858004322,83.88910836487183,0.0753287899245407,0.0,19.07221874147692,Normal Movement
54.57386802906011,91.4118281287178,688.1501567631773,892.3472593875127,0.0420986179543411,0.0,3307.161986512955,Running / Sudden Motion
117.30155079218753,164.87887462036713,295.9516021884689,874.5602098275551,0.1822974410469579,0.0,4880.782440929996,Running / Sudden Motion
75.77262789838032,126.1102472727976,168.78898173629608,272.9534447024221,0.0282977682467649,9.53127247122256,956.8653143130756,Restricted Area Intrusion
1.5179916889016198,1.6505761227284117,46.637303800372905,23.5339466276765,0.8817940813409503,0.0,15.616522353826513,Loitering
4.673372075909413,5.195618183275409,39.26030679715955,76.98603747026579,0.8223749470373325,0.0,4.20306414319922,Loitering
44.61866332343546,63.25503293747021,43.91732319882883,76.63838001476464,0.5321928277404672,0.7343086139305466,61.78197553963256,Restricted Area Intrusion
30.90019627808105,51.023167707497294,342.92082559587527,424.9169303710951,0.166666399215952,0.0,103.24824784986086,Normal Movement
87.06440056733436,154.11520120762643,180.75348010604503,645.3203531597599,0.1966759702352911,0.0,4541.49578612364,Running / Sudden Motion
6.869415152492713,7.02597136897489,21.511326317300178,53.0798272336402,0.8411182861264018,0.0,7.528376627828726,Loitering
34.25027147848813,34.677843290381354,68.70252767060052,84.55219119838675,0.0811174019691257,6.713449502507255,144.98546285005966,Restricted Area Intrusion
16.246771199630622,26.54694135297401,263.2376251910696,274.3539862083911,0.0253433694192529,9.719112712358069,148.1118318971826,Restricted Area Intrusion
12.331909108561602,13.66773563523912,40.22730031589735,45.0783832447708,0.746800204779916,0.0,3.020994824207046,Loitering
25.98922503446497,45.19189113426346,374.1173298294921,434.1956120200312,0.3912817723058245,0.0,226.04754247610967,Normal Movement
18.333174873241784,25.900874607260874,199.0719448955481,116.41882313014364,0.0889471711587242,0.0,137.87916322143064,Normal Movement
44.42574437794785,70.94794304174127,303.4845199375649,447.5419567658185,0.2454421740187696,0.0,90.682973999203,Normal Movement
74.39981440992473,109.62344335544546,64.87683483117027,315.98467863706463,0.1701977027752008,8.506802444991497,591.2728977435473,Restricted Area Intrusion
57.87562074743961,72.39457720271373,261.40449597986816,172.03926604367126,0.1397305264280101,4.945498271847228,262.6459945718554,Restricted Area Intrusion
53.87529072200998,86.95947289784864,35.219088609495955,65.27568378603439,0.2459493721685987,8.505514367703004,871.0584926356888,Restricted Area Intrusion
6.364695178232855,9.830476629938694,135.878142083206,341.7858629139536,0.4496138357854057,4.603015291709103,233.74698950018197,Restricted Area Intrusion
14.390689084728464,19.865186682052396,32.047283606261175,55.701422006703375,0.7660160132806935,0.0,64.64270380582822,Loitering
61.31230999833883,107.48704748341288,119.7610371293882,221.9233543101564,0.5346450190095604,1.017727147964613,81.1694499678517,Restricted Area Intrusion
98.79726976327854,175.4857411429449,397.37594298850286,342.0242563642115,0.1756058545373149,0.0,3639.973995905109,Running / Sudden Motion
44.73906881661597,62.73208241660463,314.248505869866,272.3168952955819,0.1657709084432563,0.0,162.33211743607814,Normal Movement
23.077143255573937,32.065634058857405,212.9521619810029,183.0087686697481,0.2840980805343946,0.0,256.8870483266391,Normal Movement
82.33777479226273,108.16129940936858,415.1608961399335,600.7016595735245,0.0076833871538089,0.0,4587.349240808495,Running / Sudden Motion
122.51382513518658,170.6000907412955,554.4949346780822,654.6393531448941,0.0716793468611603,0.0,625.2159631377339,Running / Sudden Motion
31.28156747490257,36.3290030280723,100.1220067209752,483.9970191107961,0.3634322762830428,0.0,212.9150688051174,Normal Movement
49.535465489408615,72.85901618843407,122.05301673755926,260.9088476158564,0.5800309739819002,2.795970763355497,349.4471204678082,Restricted Area Intrusion
93.12685337403634,107.45439418839788,479.5302601732392,471.97487131939744,0.1013814366944413,0.0,1982.4689404627495,Running / Sudden Motion
8.017427706986043,9.639393769429518,60.62196093752739,87.14059939565993,0.3179740624353754,8.846097287822905,454.2360363770775,Restricted Area Intrusion
7.252029770215461,9.185995947643802,16.191350123170796,12.894319533733778,0.8826240668241767,0.0,3.360996918625092,Loitering
51.601133050319824,82.60701859382242,32.60150847147108,346.7322182161972,0.032482492580413,3.4783412606544024,926.6044346343432,Restricted Area Intrusion
13.136190245394705,15.075929857422324,21.27113149168679,76.92697880093317,0.9805292267052208,0.0,71.49168892649178,Loitering
31.82584500327668,58.19046676348304,261.34783353392754,94.85559042400054,0.2474136277790314,2.756168147071412,131.41641916151892,Restricted Area Intrusion
125.47290555757928,155.85373165303528,362.6879499316956,292.26844929318486,0.1726303060321695,0.0,601.834434373657,Running / Sudden Motion
46.77219680256051,56.610428843832,225.9426687955228,282.0961932609779,0.253530134582847,0.939804035023064,17.786042997132963,Restricted Area Intrusion
6.741691636778189,7.275175379612339,114.21087644548356,369.5170440739693,0.2787915082003727,8.931366044418281,467.8095735054354,Restricted Area Intrusion
1.2886335742493775,1.6813374957670988,7.143480927042872,41.9906999650845,0.7338899952943926,0.0,5.316117173472767,Loitering
71.67493965886544,104.3798724712924,207.4659215653461,193.35794333515128,0.4466686546839135,5.010824551147998,778.8969910645142,Restricted Area Intrusion
58.22818285329747,93.47285369904392,372.0723988527496,493.3578112781599,0.1408202696956952,0.0,195.0848303486377,Normal Movement
13.744530508724717,17.766935429041958,48.34735693174652,70.10129708243916,0.7616144815941704,0.0,74.95962459853094,Loitering
53.4837040646696,71.98216751594343,83.10753253737354,350.4191761957312,0.5238225516324965,7.850730912615254,48.80393227144735,Restricted Area Intrusion
50.76377512879073,85.60812178909262,156.69502575495903,207.59457973217653,0.3497337025339253,0.0,16.951403103107083,Normal Movement
27.65552027275537,43.18674552945587,307.1781688575401,402.831946605416,0.0430963783823586,0.0,275.6434350899063,Normal Movement
26.87257674038874,33.37359887555434,263.61753323294926,201.62314928138483,0.4784809662124192,9.64013192207006,306.1959738613517,Restricted Area Intrusion
25.275130423436668,44.28902980288492,254.2124850596792,257.4479352456239,0.2241495583871492,0.0,109.35468342858056,Normal Movement
41.02336252330048,71.82102618999295,251.33309430519537,312.9933205864536,0.2690996351639453,6.598294735288534,858.7863091882184,Restricted Area Intrusion
150.62681183442305,218.2172340025893,255.4745838661779,647.8903800859822,0.016056065399189,0.0,3172.187161141057,Running / Sudden Motion
58.8487705398981,68.05946797103685,281.56761909789793,445.9918164313098,0.2536937735866913,0.0,134.41757519364967,Normal Movement
44.82888957436121,79.29944915719236,157.3917171398987,468.4195403110514,0.0099437965545025,0.0,171.00743227477915,Normal Movement
4.070821992375556,4.7986813216806725,23.94592039050025,42.04323073657993,0.9496682721019458,0.0,77.05593027850998,Loitering
96.4051966566216,163.81052027696475,476.54528885359184,218.0718959480293,0.0070779084725957,0.0,3799.4533831565377,Running / Sudden Motion
115.27643185371456,158.7010431872874,517.9921054849485,504.4674243032807,0.0895419608505774,0.0,3686.164969279518,Running / Sudden Motion
16.273153753715157,24.264444036437737,156.06169643748177,330.6250671814101,0.1738416702723861,0.0,277.7606430699738,Normal Movement
34.369266320312384,63.17045048775699,172.5196171019035,238.9203309223452,0.2515645217305151,8.370489608592877,271.37343512945506,Restricted Area Intrusion
15.743291333537622,29.429484502315745,69.32134613852912,132.9966073345697,0.0966663517542843,7.487678465748707,450.9946755839365,Restricted Area Intrusion
13.30558530495829,15.868554121039436,49.82526298172794,16.442420351285975,0.8315697041257082,0.0,47.92733822962494,Loitering
47.954132647550935,55.87763909718667,68.35058160211285,257.30253469825243,0.2913379931014079,6.920665254893885,378.7034476507056,Restricted Area Intrusion
4.354638850615055,5.312339986278873,34.279611621895526,7.9956443814851905,0.9282595925536542,0.0,28.297954086131284,Loitering
24.6077193624431,40.23746287248528,56.020093671372855,55.680408070074,0.6954423525365823,6.545513655357271,260.6903982879012,Restricted Area Intrusion
72.509669973043,110.22587898269424,362.7525650842511,396.0285544607166,0.0805014251788836,0.0,3319.2400856826857,Running / Sudden Motion
175.03815875781763,204.44962784559115,477.4660286938009,876.9505396478709,0.0238385368781275,0.0,3380.619497013003,Running / Sudden Motion
107.4480478081788,123.12409610824946,372.3110341685156,821.327369218363,0.1210227409329851,0.0,2917.690964780209,Running / Sudden Motion
54.431875472823855,79.69185982361228,101.9129735214588,222.4658819537113,0.1809454317310013,5.12342529120038,154.6740518618751,Restricted Area Intrusion
65.6931112680038,111.4792737834208,252.2526262538409,90.12160330710168,0.347865157182931,6.837685319771786,112.35600089626578,Restricted Area Intrusion
99.60200961803731,121.21920887259596,344.7905162313343,538.3793195215542,0.0445639647127751,0.0,3618.8007131432983,Running / Sudden Motion
40.563900467522,42.61255451029904,84.21537596194163,160.870818249446,0.3413407987926372,3.0596487566409585,565.0301297613223,Restricted Area Intrusion
6.552780113066615,7.236650798490658,2.3032450051095554,39.69727396120483,0.935171371981367,0.0,72.96819935943137,Loitering
79.11440907478895,117.2491180801204,123.94734838360168,254.158193155644,0.5632884793533705,2.782393940865149,258.1944148620008,Restricted Area Intrusion
39.14556061096901,54.96796757199208,104.79664318330292,132.77881820478513,0.3808998863382733,0.0,149.78892028004165,Normal Movement
9.191132350504908,12.261131603023944,45.703029016322574,33.55647310209715,0.9018512481435518,0.0,64.0340621124484,Loitering
117.35887231786604,151.23368697562077,276.43811650051833,656.298533013427,0.0798311259953105,0.0,629.8390373657418,Running / Sudden Motion
3.241680826232567,4.027723998582404,35.833268523226444,26.50190190928065,0.915200782284429,0.0,62.97877747249184,Loitering
26.86043210500535,48.092272028265135,82.50836045581582,287.71140592067184,0.5962378209144682,6.23513327201607,360.6173366338927,Restricted Area Intrusion
2.3229661714325385,3.351648672711322,18.42341016552985,8.730407414080137,0.7647583222729244,0.0,86.98567147115757,Loitering
8.596442120122743,12.88977713609542,1.2963114045472068,5.023581473306522,0.7726284831502318,0.0,36.61563678024199,Loitering
55.57388341048973,99.43268248272756,394.004672255541,480.2596357625522,0.0287288562011537,0.0,49.9601254190635,Normal Movement
36.70710237671723,45.39556440651448,272.29152146016327,278.16747365395287,0.2917104713481098,3.1012114621848275,386.8543950895547,Restricted Area Intrusion
59.37350136831412,89.37729652381964,128.9284726708801,75.80522438571474,0.5495970123645656,6.3659122140261255,383.1128629406365,Restricted Area Intrusion
9.219093288786391,11.503284082447784,30.867354996284305,16.37477815845834,0.7254497486155764,0.0,26.9899343956342,Loitering
71.79510285414206,116.86979836822688,335.9470697336752,274.0745268931663,0.1003609630152135,0.0,1445.944590156581,Running / Sudden Motion
134.9983900763713,170.24654593598322,253.52395454298303,510.6534014355331,0.1065060258369866,0.0,3836.4876366206217,Running / Sudden Motion
68.31369135702329,98.24797700551774,287.522813826247,103.82425774192708,0.1295952860571712,8.958179980318409,892.7998933656709,Restricted Area Intrusion
20.574139868889944,23.22126779746593,324.2966633599208,285.6738915631005,0.3942160677979704,0.0,144.84230229615935,Normal Movement
64.44340436487226,100.718130286212,692.0217691765716,327.59974429343174,0.0254666879013294,0.0,3807.476826402532,Running / Sudden Motion
120.78926829610256,180.21233730158065,299.9051802035484,395.03510197754775,0.1984256312681461,0.0,4664.180445557102,Running / Sudden Motion
9.141440527454511,9.928384468769424,27.167570871187884,62.40323917957455,0.8323000055469487,0.0,86.82391284056578,Loitering
22.44744114200755,33.58147901206028,113.9067561123016,318.40463431197065,0.074071120065639,8.641525811809208,769.6635253214934,Restricted Area Intrusion
67.79218413763557,124.40347014363464,269.5856361493271,834.02992228089,0.0170443351553057,0.0,2028.929232523032,Running / Sudden Motion
28.35944135570784,50.03174200058618,371.5583266429805,281.98237988603296,0.1313444820018755,0.0,165.2760890507009,Normal Movement
37.297795048287824,43.91757375655517,145.82833878685966,203.80505882130797,0.3059214210428937,0.0,264.2461312067396,Normal Movement
18.03184373098528,31.59221126954577,102.10685186074608,163.15191349510098,0.3061284895754546,0.0,38.111017118900975,Normal Movement
42.16406390918792,58.61896802296554,128.44166818407064,72.82114018520059,0.6059132927787402,6.286963776891896,154.64116275599173,Restricted Area Intrusion
31.234140893321413,35.56598161296859,181.5056719906984,191.21901447506343,0.2441940269367154,0.0,69.56318632499793,Normal Movement
27.48251913018341,43.45605416672804,140.2371685868253,205.289080755654,0.0484938954531449,1.9083006810591332,936.0211872269332,Restricted Area Intrusion
185.49922792760697,226.6534024760428,204.05651357823592,883.9044576111946,0.0029494893802657,0.0,3226.0873668903214,Running / Sudden Motion
69.34791057543397,95.50333676399758,290.023012552277,73.71906473748562,0.5855182890448373,9.129212455831754,824.4487708822941,Restricted Area Intrusion
45.712297678873895,54.75541243923879,127.96878884153683,83.09215329542232,0.3147697510008553,0.0,202.8067484116893,Normal Movement
86.37983883229163,105.32189629757347,420.38527412489753,369.0559165730001,0.0697252846719037,0.0,3808.660306909954,Running / Sudden Motion
52.64534170856744,80.798678286722,146.81930052920382,208.4046929337277,0.5384544485896448,5.374845222407515,184.26445171541624,Restricted Area Intrusion
110.12325123929102,145.71139490477805,436.0282032415213,290.3342460287796,0.1738415621660989,0.0,2179.656461432713,Running / Sudden Motion
26.23516705202219,31.4205266631213,352.59160879303494,175.0869669727603,0.2012714106899551,0.0,297.3530186206393,Normal Movement
21.94903896099641,27.180963063462823,159.05201420987834,302.3443686910407,0.3531302264136312,0.0,230.5583465916614,Normal Movement
157.2647148278067,200.5771487311152,238.42278753142668,769.8918125359394,0.1020574538352725,0.0,4333.20938370648,Running / Sudden Motion
3.834416159536346,5.217833716899115,10.819978164063276,67.17786918137618,0.7266908359296221,0.0,69.67060290760774,Loitering
27.35359448755604,54.43183436057201,197.63861708982347,265.3614921578353,0.0505145642461054,9.705421475317353,893.8550606631335,Restricted Area Intrusion
14.363886512912575,16.53759732006654,49.30806619778135,33.37820111040283,0.7199032239573615,0.0,11.22862298002384,Loitering
60.55334005371581,119.0351194887268,298.8152631247686,371.8076132237416,0.6095336837844165,3.149362132348437,966.9818790034664,Restricted Area Intrusion
28.22096522809445,48.50879376844591,181.66936585846008,393.8662357409901,0.0662507386027841,5.704867051282421,596.6122723825413,Restricted Area Intrusion
11.936925072079688,14.57030328167263,10.5596860014529,19.172028816476505,0.9497736003155572,0.0,51.07564867485148,Loitering
53.67888563141963,75.88995500643509,155.02570701386446,439.2996526355103,0.1559557875490436,0.0,163.9097544074679,Normal Movement
28.22542067239346,55.48185579140557,152.01572251476298,60.918737852034745,0.0124896430787186,7.389949801552878,179.79167066981077,Restricted Area Intrusion
39.84732164869922,67.16780607263743,96.94341510916922,174.5746197643291,0.3172019915838522,0.0,255.87269149485985,Normal Movement
62.55918328167884,106.73339060062992,272.88079193170006,114.8555112461835,0.5504552168799658,5.943932977016912,315.59281355614115,Restricted Area Intrusion
80.86579730883136,119.59729516078436,152.6133497293643,684.9970684273807,0.0592107455616022,0.0,3052.11712334358,Running / Sudden Motion
131.77096461569866,155.78229122815603,429.76263893753537,561.8845922717201,0.0010432642129788,0.0,3403.2579224714773,Running / Sudden Motion
36.078748856104696,46.238809119481004,75.35885977640497,282.2263629370379,0.3837329390542434,0.0,199.23056821827237,Normal Movement
35.82595220175533,60.1334088255749,292.507192673586,350.1303682868232,0.2599309690253114,0.0,88.43632302091889,Normal Movement
10.238396901487496,13.528635336651448,32.63140245706527,50.609668719185215,0.9856856433243372,0.0,50.83441626953908,Loitering
18.646089506496622,22.18442453395385,41.697252507171264,351.0642082628688,0.5459984660872867,2.91757422479894,785.4251262780906,Restricted Area Intrusion
5.394509246279978,6.558163991811847,103.00253504570848,379.795967312913,0.3549323490768425,3.9613428599823415,410.2689944575352,Restricted Area Intrusion
14.1376389497971,16.39382213730672,12.796954094037188,79.95566940407535,0.9015413850265837,0.0,4.736377329928798,Loitering
61.75380701176531,118.75283958006526,291.7098056068003,380.63943434388176,0.3885403184055931,5.172860709183269,987.7641036803064,Restricted Area Intrusion
2.911525385231666,4.191487582228247,7.401661005128091,6.406294005220937,0.8254316163341967,0.0,86.27268132629347,Loitering
31.433311635948023,49.91916699512699,262.060105524699,167.2076122794463,0.2252542174340439,0.0,265.753092970289,Normal Movement
57.596576072348284,110.63273039838252,187.93141364049,114.09494735808572,0.0123017652164237,6.381574623541512,865.9519091388621,Restricted Area Intrusion
111.65032115478664,185.9522558477237,486.6629397533456,829.7849261873777,0.0001910666846961,0.0,1607.3086069549558,Running / Sudden Motion
32.7583449667537,43.35215596958158,266.97198382540387,324.01553697418126,0.1636559910499188,0.0,184.51467920163543,Normal Movement
36.939414081068605,59.503275947305575,21.103853109150883,261.7680123715187,0.1979948999216541,5.196522060494939,304.74339778307683,Restricted Area Intrusion
9.473759889706262,13.309238476442056,249.40810718326017,258.35842241520845,0.3626459867797852,3.859522254284017,84.30527208414001,Restricted Area Intrusion
33.76106415234351,49.83829564189626,225.61924277158337,125.06056415996532,0.0946807978106413,0.0,163.01454457529982,Normal Movement
12.006747184776764,17.299100418863997,32.52567010663768,29.190231645414386,0.967209616616477,0.0,29.872352497443178,Loitering
77.81454214157237,134.45195983692588,41.42314967247096,179.89377441032795,0.426161658888478,6.106853178774596,189.62934797229215,Restricted Area Intrusion
1.0340842759883206,1.3408661229887526,49.45389675211289,76.01871713179854,0.68710087238198,0.0,39.59673030903687,Loitering
176.73431218511624,237.82000625926744,641.5548036698292,277.15764339207766,0.1850784391158352,0.0,2888.216972773989,Running / Sudden Motion
26.68840134389866,31.883430863890226,99.76205925033082,123.39560023756653,0.2551160160538311,0.0,111.90914690586604,Normal Movement
81.94314006968666,97.1365227714243,192.5989177647577,570.2978517821521,0.0904239584854691,0.0,4698.840504090837,Running / Sudden Motion
21.20988828065574,35.070901968645586,152.01493177209255,451.6366049926714,0.2653813028916347,0.0,42.43499269039639,Normal Movement
126.10020574754236,153.64395538277603,665.5212171842281,869.9283176128039,0.0851185707788358,0.0,1763.0397868101422,Running / Sudden Motion
100.24272203025316,140.25230677273146,336.8978848238112,533.7139787652004,0.0528632504661967,0.0,1172.3656001047475,Running / Sudden Motion
3.7060138092107846,5.298077462524492,14.866476305326604,20.76444273132679,0.7582374042176546,0.0,20.314957516739696,Loitering
32.05737127667874,46.86510835739367,312.18357957670986,387.07711019417405,0.313184052010434,0.0,175.28080740604264,Normal Movement
6.174835426946041,6.7543928910183535,37.81535572354768,29.10505101068576,0.8561455516990157,0.0,51.57301809587676,Loitering
64.08088723273663,125.66392766359334,102.71400433076325,212.6454711687715,0.0202726510569088,2.903384842034435,380.2634730384439,Restricted Area Intrusion
3.908539746382138,4.217412668764777,42.13811424260089,11.364049057490387,0.9882666842409344,0.0,58.8513776624626,Loitering
18.86920575499253,23.084660958093533,119.61781389433344,425.7052015788979,0.1594026493896849,0.0,297.2126526345399,Normal Movement
56.05640735358434,84.04827559609518,77.3775443110585,354.74984067286323,0.2039659008101779,3.203288036806424,280.0458459743559,Restricted Area Intrusion
3.9343674107822215,4.116447846856564,27.700975103535523,51.00194273062759,0.904086550514587,0.0,33.5445925949261,Loitering
50.13772595335716,88.0898797821256,307.64748835377907,265.3135543618344,0.3506712555006812,0.0,162.9627127210421,Normal Movement
55.63017094336276,97.09290915286633,172.93543621917354,151.0365771007994,0.0847088653865241,0.0,36.10040340307606,Normal Movement
70.88109998338787,109.42110053558972,100.3150660862009,52.93295964085651,0.0956664133238265,5.831565001198311,686.8717497233359,Restricted Area Intrusion
41.840029471212304,69.22807704180771,316.0449130309733,454.8674278139366,0.3223090793369205,0.0,81.70745409303889,Normal Movement
20.0220165712152,27.41320534781012,80.57967328102228,373.2396847561636,0.0828082166099248,0.0,97.60075494725515,Normal Movement
167.7364652686813,202.5739611485209,405.9923612201808,891.0380672176233,0.1758193758382626,0.0,1466.6005465281623,Running / Sudden Motion
40.25503805505198,55.139686042568,152.03689890833638,299.20575772308644,0.1258998474257524,0.0,173.58758974369465,Normal Movement
159.13829221988826,198.67758603975545,521.6700667270477,325.7323211866073,0.0896724321649524,0.0,4111.553925525209,Running / Sudden Motion
3.524183178796048,4.461226205967668,10.218284687459844,59.46715227387993,0.7189382595858169,0.0,29.126326671434143,Loitering
34.65003702024778,62.24430172766039,225.33540830799785,280.737563910729,0.1687064250858245,0.0,29.379468863424243,Normal Movement
74.16345580388935,107.25021520486725,293.1742706119544,474.6680760805204,0.1074154711333601,0.0,663.6421042486804,Running / Sudden Motion
27.671541160317503,39.37247900064971,183.9629637643881,85.32499326143865,0.2346981143702473,8.913171695395608,481.782038279513,Restricted Area Intrusion
43.88164840352852,52.562170705120586,255.98494833811804,386.7777438204103,0.3265388459201164,9.36576818090423,998.0145923460506,Restricted Area Intrusion
25.6143564588494,37.80137538785139,270.68090880123214,322.3291556606503,0.13834250115409,4.034755520059127,782.4378619726939,Restricted Area Intrusion
62.90324685900467,89.14971678174162,104.37851824199925,173.48675288260296,0.5048457909417124,6.7263740960533696,705.0715868805815,Restricted Area Intrusion
99.4934307261177,134.84646905549693,563.1463270945603,753.7007603131482,0.0840249005978245,0.0,2838.368982085983,Running / Sudden Motion
76.26079141949357,85.70333341988328,127.28168426068436,355.42519709446884,0.0745975791335335,5.094240391664147,846.3357615659818,Restricted Area Intrusion
157.71215244712914,198.42779723368645,314.98153787325896,812.2041294902976,0.06094232066054,0.0,1672.861325256588,Running / Sudden Motion
34.626139019209745,45.957562645478646,237.38283282318565,261.0834019992683,0.2392671520163098,0.0,270.4548233453174,Normal Movement
26.822538599784465,34.68484104867444,84.14219525561982,376.20025697253584,0.2722097984893542,6.060056099581958,308.55882851097937,Restricted Area Intrusion
8.288219096594698,8.461697843739467,21.974088328944617,21.03636160941732,0.9708432773298724,0.0,97.6579990123334,Loitering
60.73820605446475,108.40040075508765,216.1995224751441,113.15285296825796,0.2526229595090852,9.518036146313264,664.5984731804175,Restricted Area Intrusion
16.734389969554606,26.378304512199414,251.3071247028573,91.14362362655125,0.2973839844889541,0.0,257.1221477500627,Normal Movement
10.98478673273027,14.859391959909788,11.81337886391652,26.247937939011923,0.7984059843549387,0.0,27.769793046320924,Loitering
49.251286589565886,81.27669011243876,103.5586351096856,269.1620939161382,0.1483192096930325,0.0,278.7618467660945,Normal Movement
59.89110167683128,95.263786932862,262.3723657405464,244.79501902715347,0.3661195041142219,0.0,154.10581287780133,Normal Movement
1.0441650269790836,1.3016795509515875,4.038587960367651,59.27587524310206,0.8433255035076515,0.0,83.58850175531424,Loitering
58.60641213119905,94.81602300632623,247.5929655252829,179.87709231687933,0.4246977188857711,8.989087336484554,852.8151869992216,Restricted Area Intrusion
13.55793293964033,19.247543712687925,2.88117357735283,51.20654314558793,0.9202935911226104,0.0,55.04905797749521,Loitering
72.24439721464371,117.20130058953558,166.38157277304796,228.42307603621725,0.0104558609597627,5.244960268481708,627.5318719833207,Restricted Area Intrusion
66.07470168500966,98.21814577065602,210.4955836678673,206.33986753858585,0.5212103898951115,1.7761211852794938,451.88748528169,Restricted Area Intrusion
68.44935623677378,118.56002768889442,168.5919220027708,333.3072403099112,0.5690497731351464,4.203414411512872,783.6229146125457,Restricted Area Intrusion
180.70216952024995,237.07723140844325,512.1181626232885,790.5798949413671,0.1306491354584842,0.0,2816.1783029657813,Running / Sudden Motion
64.66987383583397,121.65690252571864,673.7058950177451,824.8358968666282,0.1311450945466262,0.0,3026.2960800652345,Running / Sudden Motion
64.45005756758175,102.93693064554311,274.6148329541836,72.90627306172803,0.2135861441658758,3.9262334603721714,686.4469114592446,Restricted Area Intrusion
133.85992267018736,176.63199368878253,308.30666304165595,768.2927923040795,0.1713696355207322,0.0,1775.7555180000545,Running / Sudden Motion
72.93975166819554,136.85819991823988,71.74932025101228,128.1767582161783,0.1319903000105486,7.335578120136434,257.50879534733974,Restricted Area Intrusion
47.823470681968686,79.34511002930003,285.9571012392868,435.4640671357872,0.3972395450870544,0.0,131.8472278121452,Normal Movement
37.65717064971065,73.20475350975514,83.78232746306549,280.0604344530431,0.0348904808241789,7.3219479600358195,246.0528149334781,Restricted Area Intrusion
110.29364519713889,191.46974231194537,217.92844153660144,878.3607093192472,0.1316480611622212,0.0,4720.384024717349,Running / Sudden Motion
61.7036475901697,97.71893042297918,43.732280800169896,36.39679205875062,0.5474992301254509,5.719076124803696,784.8849817041928,Restricted Area Intrusion
141.93531835732077,171.20073849760618,221.0962702424695,387.6551476867934,0.1893092889088017,0.0,2287.628346509704,Running / Sudden Motion
8.717609058102873,12.447640004192229,257.136948360014,164.3911744134786,0.4870742648261157,6.0978360898050905,353.73653054010686,Restricted Area Intrusion
35.96538616738614,39.84818354258271,269.56042209180885,105.73035278870942,0.3738560076919707,6.150646511403984,50.34432521106628,Restricted Area Intrusion
21.4216266845888,38.39092953903258,141.8196404124185,214.2763420309503,0.691177842938471,2.7341386155647203,29.35722204057521,Restricted Area Intrusion
67.08807853821526,107.33162787806266,244.54048745736333,470.0969336408921,0.1946708145148073,0.0,3164.016209396311,Running / Sudden Motion
7.402262366448254,9.814717117143925,4.366990753589173,38.07639679282013,0.8534364579986732,0.0,23.42256762110615,Loitering
43.742938116673386,75.94216294102208,36.02948748566192,187.38396968700232,0.6768710052869944,1.0093853897104543,424.1949027990025,Restricted Area Intrusion
172.5203558138179,193.7449805517316,452.9332659819045,413.74216446011513,0.1063896911904124,0.0,840.4036770557809,Running / Sudden Motion
49.69703879561239,82.34891413709366,202.6221730529264,374.7309003446052,0.6750141098357771,4.553760598128107,620.9083843869339,Restricted Area Intrusion
74.55676764327991,85.9513966245512,161.6681719708723,246.3494172807892,0.1469478569950821,2.409217273055216,784.2126033163743,Restricted Area Intrusion
53.19564509112399,64.30172460317156,266.2325539664461,266.7689717645132,0.177140608492761,0.0,30.8211712844133,Normal Movement
13.933950256895388,15.708943398997254,7.122903614213488,54.74864595295251,0.830550803295142,0.0,52.316796074437946,Loitering
130.811592783093,195.95079826049212,272.2997066172492,721.6465533301634,0.0520580619412382,0.0,1314.4284569236995,Running / Sudden Motion
58.20836207332928,93.62533455293467,633.81472599876,683.2899201739851,0.0343993356732286,0.0,2759.451994092549,Running / Sudden Motion
12.692722940174818,13.14109792057869,1.52404545623247,39.88761018776324,0.9846655952687722,0.0,27.90098034141264,Loitering
82.29251501828165,163.4597787301676,528.4821323115899,490.5425611313014,0.134729107323243,0.0,1821.952669648496,Running / Sudden Motion
91.63565623140566,155.3366712670928,286.0278004468721,608.8977063097582,0.0635542885079006,0.0,4253.108399676075,Running / Sudden Motion
4.993001259245113,6.624125612122474,27.47338746699721,12.229511560253329,0.9558970562457412,0.0,51.26132480536286,Loitering
1.325853531262462,1.4907170410417605,2.9207189777309357,64.25223268729368,0.8293935193893869,0.0,33.69866188668009,Loitering
0.3493659000703991,0.3761835201898236,28.11647472088719,53.9817549728137,0.8771191408835429,0.0,77.83604707782168,Loitering
103.72830377643068,131.71775964107434,557.7487551224262,429.0440942667756,0.1752454221679007,0.0,1782.8397631093617,Running / Sudden Motion
96.8669927427606,170.6061780240749,473.5435343982438,784.0092206988802,0.1864828127290665,0.0,4231.3656697740425,Running / Sudden Motion
87.95289697063065,107.66647332520353,668.0464288435442,263.654374753885,0.0305896275661756,0.0,4886.027789763292,Running / Sudden Motion
58.86055455349088,115.71663090843089,670.8844530402857,899.983914292386,0.1524460527239041,0.0,1075.7639205069854,Running / Sudden Motion
10.280469047658425,11.11422416346485,150.56168735767704,397.78350219870777,0.1935613678394558,6.319017527186965,523.4130836304931,Restricted Area Intrusion
71.22334713719114,120.29252902762111,579.28233676695,739.90148866624,0.0765877970827557,0.0,1358.4032789713417,Running / Sudden Motion
82.4723132802815,95.06402891437985,544.2778094198239,637.5770451279294,0.1064985618823666,0.0,3106.0377593541048,Running / Sudden Motion
113.98595818329332,201.6954733359059,672.1496776589421,658.8885786722062,0.0461721322569051,0.0,1518.8033108558866,Running / Sudden Motion
31.42094222200633,32.338327063699055,256.1112216714252,261.5585486633622,0.2914836083889081,2.8325615937155195,747.6860444886313,Restricted Area Intrusion
66.90446623453786,88.41808987343364,58.57557160965329,221.86395368030335,0.6445833070075631,0.5805682129627783,65.58210526965033,Restricted Area Intrusion
154.88557752287386,241.0786377988079,380.65611639230286,688.9600575074744,0.1217570178775528,0.0,2536.5272825323887,Running / Sudden Motion
23.02289246111993,24.7252265195088,151.24684467787895,122.59295166768352,0.6202322311114133,5.41272189209139,241.03476424199343,Restricted Area Intrusion
62.28712718393907,87.7875221829485,216.7597077581121,303.8337902494401,0.4719191568870027,6.89861502498801,614.700122282791,Restricted Area Intrusion
58.34283211060028,70.16863427874756,30.263510647106397,142.40582306861563,0.1099954134012655,4.259990552549093,979.5526579610782,Restricted Area Intrusion
30.2645384545534,37.48151710663631,231.4649796491641,344.23523100478576,0.2248713307156376,3.101282256318688,275.1138023495996,Restricted Area Intrusion
9.661302860049608,11.580684355989243,0.2200460951775285,38.49358626321408,0.6521203409955881,0.0,7.499848929903985,Loitering
5.559423922584493,6.125621642610501,5.576067198572765,13.990935046750495,0.9996640061269436,0.0,41.23107268572347,Loitering
52.76574765611492,92.05539976894308,595.9807098508442,566.4267506417568,0.1251686574753972,0.0,2174.019371829233,Running / Sudden Motion
77.00615809890235,81.83380682866304,38.33535143842872,362.3177911072298,0.2105335036963724,6.171690312047926,294.6007736182337,Restricted Area Intrusion
7.870012641653575,11.345122504556985,14.616911355484955,44.05779559693767,0.7690486337909678,0.0,82.17730593732004,Loitering
8.089139733803737,10.58473200342724,3.66229930837757,18.36006078063022,0.6853329197543397,0.0,76.48129483558401,Loitering
0.1007367624507771,0.1152528947225377,37.56618878956511,64.47655914511924,0.8669001104251184,0.0,30.12561894462637,Loitering
112.80860600433722,173.34718936275817,479.8788107752969,871.153972681993,0.157608806739662,0.0,2466.597114946245,Running / Sudden Motion
107.75434833701895,137.88453953953126,372.4462583155409,619.9991659917845,0.1996306001225385,0.0,4931.909034971401,Running / Sudden Motion
62.690246114980745,120.34446757339306,130.33461347622827,57.03485918824889,0.563267272045597,8.507216129071484,342.894814108569,Restricted Area Intrusion
64.31713046512671,127.58850872808546,336.70408381387983,379.2813874002351,0.1143804653933633,0.0,874.1277892483337,Running / Sudden Motion
12.405120219119992,16.371622894979126,36.75402221309336,58.37878399413473,0.950452069775614,0.0,18.37920698561083,Loitering
93.6375978511132,133.77704295447745,330.4978695330095,859.9352148814697,0.1015931686899924,0.0,2677.0478782416367,Running / Sudden Motion
13.473756677672156,17.26638953124728,45.95799494666559,27.494367937092168,0.6901921360511821,0.0,55.62184527241746,Loitering
159.45451969759674,239.07431680787943,544.8629550489934,337.7594314889866,0.1069103898709047,0.0,695.9410222342876,Running / Sudden Motion
8.552582190235476,11.879097911822136,30.50432756224355,374.3395994677335,0.5531466059217675,9.830535192761127,911.0589263790584,Restricted Area Intrusion
4.325800551212546,5.479967253400087,26.24610478521576,68.78233883647746,0.9986445401735125,0.0,10.721084586014062,Loitering
8.99380013548539,17.071567081845668,21.48318287644024,212.31460105563576,0.296799389011286,6.701074313207325,296.8466476835573,Restricted Area Intrusion
118.2596347898175,183.4508871829126,443.9120140320507,201.312393511277,0.1696842709337397,0.0,2192.472146212325,Running / Sudden Motion
32.06062774911969,49.82678200461096,389.08828870434246,104.1924411591694,0.3691457451700762,0.0,174.66530175275955,Normal Movement
70.12088874115126,77.25911006233788,89.87226555706278,249.96776374535872,0.042946951138577,5.725804149838655,588.6465214360705,Restricted Area Intrusion
30.23054174837967,51.12393360739068,224.07465291967995,402.8235875729392,0.3408062067524676,0.0,156.38953004201443,Normal Movement
63.8976833864762,98.950539835912,527.7940405353052,439.193006703543,0.0132625635241949,0.0,1998.4961484302548,Running / Sudden Motion
6.823878410014585,10.079783755588878,14.337195048960892,69.97068300619793,0.9728363508984706,0.0,55.68324163707806,Loitering
116.33478558437052,178.71355199850612,230.14586895335836,898.3839141717697,0.1235972241843073,0.0,2533.281823299175,Running / Sudden Motion
9.801072180054634,13.037642210530718,26.39899289153542,30.07050587857863,0.7021422384628324,0.0,58.40633426960507,Loitering
7.563154525182994,9.56101623096368,32.89458907029974,33.86843354007826,0.6511226917398144,0.0,67.38911544076372,Loitering
69.2668656039285,129.05853489176397,46.68584926495883,86.32928206885637,0.3135315618804375,2.2641896441299982,738.4629254683894,Restricted Area Intrusion
54.53738778369444,96.59726863507711,122.46016599489592,49.32750444430911,0.1197274687787577,6.3572600329007125,777.3491850283799,Restricted Area Intrusion
143.9031689926268,241.6229663169537,373.7512493975279,769.4677180041995,0.0885772740407253,0.0,1632.3514207958424,Running / Sudden Motion
10.851142547436895,14.913471325057484,33.30893260575113,20.283572821004714,0.9696256204780116,0.0,75.31580190208763,Loitering
11.64589953162474,23.12934291868537,287.10219196146306,193.61904625142972,0.3667546525931774,6.17886119202121,282.2871840927733,Restricted Area Intrusion
109.34901883453573,162.3594067330456,649.3632175502261,542.9549199695239,0.1636997807753749,0.0,1592.870528811547,Running / Sudden Motion
24.314332183837788,33.94071241651492,119.88702171884717,136.57065046780588,0.3441127544875764,0.0,102.91518904321929,Normal Movement
25.56165700733531,37.92816485622416,204.92302908121928,414.1207210160129,0.1955593205882682,0.0,155.1916437917682,Normal Movement
6.5761063579522325,7.472063339497915,32.94083834087104,47.723381823482114,0.725020902931724,0.0,70.94129150613247,Loitering
1.535554950226841,1.9661718325840825,4.938242885678113,12.71984928464477,0.8181798001867719,0.0,44.22823651226388,Loitering
21.77702674517688,24.08609018704481,76.06511521120494,400.1455662874749,0.3948745328166775,0.0,23.015293518120217,Normal Movement
6.51915541105809,7.111797007929082,16.5731940990753,34.80321111994442,0.8680798401145774,0.0,92.30146590477524,Loitering
57.96082522309399,67.71463031291432,101.7953895326805,154.65624290811144,0.318056757885769,7.174402645725636,433.6656833071684,Restricted Area Intrusion
124.86493341420328,192.7613019480159,409.9776665395784,542.4045717665925,0.0479856265493012,0.0,1982.333092393378,Running / Sudden Motion
113.25854098860788,145.3115249041373,689.5395175586979,497.3303854644131,0.0784410408028401,0.0,2483.6992784061867,Running / Sudden Motion
50.82147809986291,91.72207453249544,268.21617090516213,196.0249881833213,0.258828977796124,2.9077903141034342,142.0829987140057,Restricted Area Intrusion
5.501146483949396,6.576512287286595,30.1932280469172,21.491753205129623,0.9315021530568406,0.0,43.75363567715046,Loitering
65.6630855899763,89.38781605602686,219.73606988187245,244.3582294241812,0.2971353920018528,9.934561112509956,297.55017096366873,Restricted Area Intrusion
4.443821030689582,5.212269955058828,39.53367958223048,70.87360481703935,0.7627119285358682,0.0,57.15158013452763,Loitering
29.723383090653687,32.05771731739139,116.60375997069708,293.2530655618054,0.0853894056773224,7.383997960010718,777.7011591939998,Restricted Area Intrusion
1.2002913828991435,1.7469598620513391,37.23229821007671,74.88679863297128,0.8144964763167435,0.0,41.32924989528043,Loitering
34.75044491938079,67.65459006603794,267.7475147700027,248.4420246365815,0.0574825361526782,2.0275072862656085,86.10550222706222,Restricted Area Intrusion
2.743547759800236,2.8373056105912338,32.7976555062343,8.896437781854196,0.962368496698888,0.0,69.15541471074185,Loitering
10.301309378121864,14.963644692416723,14.752007024826908,54.40692419050818,0.8459029960221922,0.0,30.58372404125671,Loitering
23.62213543482149,26.39481174518726,375.3365558913691,268.247077867886,0.1230140289683144,0.0,183.5583855517436,Normal Movement
6.169211289312394,7.409744362645437,8.946239282822487,36.04905321915303,0.9253857020974544,0.0,90.8973005549884,Loitering
41.374905741310094,79.84545589201757,272.1313558079646,98.55640426848844,0.4803164466463185,2.5389351166473646,825.0712631681531,Restricted Area Intrusion
35.45221704728989,55.77737690657701,27.779546854005304,384.4103816630972,0.2029339949676965,1.838463186804361,15.433512173244496,Restricted Area Intrusion
41.43848012379934,64.85293727435192,208.62353434793224,397.5707400920912,0.3990669569354543,0.0,56.51290397964347,Normal Movement
11.43109531545264,15.42163493329635,13.930302631672548,58.17083892662134,0.981851689580192,0.0,9.155983437056893,Loitering
71.26942009637332,108.31243154718236,406.6886355451506,295.52314114969386,0.082230627579921,0.0,2543.140259992054,Running / Sudden Motion
100.54128426827155,158.38783198092705,233.0058654311653,699.6664499418555,0.1746061827767247,0.0,4584.607656668169,Running / Sudden Motion
4.889865681234371,5.203213825664136,49.111541478281886,55.755397211706,0.9477417211818548,0.0,75.21382723289237,Loitering
9.90176450823046,10.606190781828952,5.568248639329399,14.92889684407628,0.6771430859915133,0.0,87.46354118429396,Loitering
40.48892928643401,60.15181653455647,341.7059544451872,378.4237641319247,0.0106311059989166,0.0,24.34314977234455,Normal Movement
20.6711853785982,24.81788848177596,295.6524451560985,152.63645330567277,0.2029170806328173,0.0,297.6145980193261,Normal Movement
168.64108517093197,200.89564461547377,342.16803379531973,696.5945660194402,0.0313548016295699,0.0,4322.175606392666,Running / Sudden Motion
52.324287669723134,86.7417370214693,139.09785226858747,302.92322805160245,0.2424063282800043,0.0,261.6442965950432,Normal Movement
187.79532367380824,225.15680926097093,386.296002799143,876.7202333589628,0.1959547748899483,0.0,1168.7047913695258,Running / Sudden Motion
34.39843609370722,38.702685578389534,241.7642554383536,497.28805865047593,0.3834830103887736,0.0,21.715776364227324,Normal Movement
45.61329202437539,51.612075170752085,82.33454187077308,112.33327356652482,0.4199667588286395,4.885431478798791,393.7092119352452,Restricted Area Intrusion
70.39065657045248,93.41973893211494,287.82324567749896,146.63408111015377,0.0580120542794243,5.4403979013489,235.58692351681125,Restricted Area Intrusion
47.55441157697789,81.24924582196199,273.84232583534424,337.22451828633626,0.3018281181758525,0.0,254.31195042127356,Normal Movement
16.390177666621447,22.577557665064678,381.3504178080627,101.36990850890616,0.2998823004178547,0.0,84.70765869279057,Normal Movement
38.95868938707912,60.37124949624381,217.28402064167483,256.3014541814787,0.0477793743714801,0.0,38.05834052471785,Normal Movement
52.65324879742295,84.32380745264341,60.09047818352367,101.50594141231537,0.4782442953596906,9.36874063956508,580.5214774917656,Restricted Area Intrusion
53.81465101837465,90.6707523388754,90.23577263709608,89.97773271201834,0.0225155251927964,0.0,257.55275021255284,Normal Movement
5.160557523887307,6.500305613429137,14.62338524032819,64.93305863299545,0.8243977055486156,0.0,92.58421788774506,Loitering
40.25131418829727,77.05816868066323,149.23614439751552,69.79102132372759,0.1611070266931581,4.371417922547202,332.11508524048287,Restricted Area Intrusion
114.28867820690184,129.8015237861823,458.6696375305335,218.9979712189262,0.1641423368223486,0.0,1465.7354680433396,Running / Sudden Motion
157.47127111443555,207.0636944337491,265.8323023622023,412.7721810802599,0.1937949806482082,0.0,2574.150728681489,Running / Sudden Motion
149.94813075904588,228.554239067266,605.0904400833783,239.57583152045504,0.0596238051136029,0.0,943.9741053966771,Running / Sudden Motion
10.693294371481516,13.172137709154596,48.72210194920517,7.948953727495282,0.9954122708883028,0.0,84.93915517084389,Loitering
156.52886416634988,196.6567627553914,562.3522243204732,820.0216045063737,0.069864335047211,0.0,3475.3179668924067,Running / Sudden Motion
96.92054528527582,131.4634425136328,315.13771094582467,459.4351341473045,0.0795523117164549,0.0,2074.205617828934,Running / Sudden Motion
2.4326990241567685,2.8369857901840185,16.562553015566404,39.0634258776702,0.7166468266332223,0.0,19.30075361587663,Loitering
12.917388418918236,16.041382604567783,159.67424627054046,90.74055923669218,0.5528876923850179,8.170091225901341,843.7217791482831,Restricted Area Intrusion
31.93617630663718,57.18626121517598,304.03848024123874,479.50175720161326,0.0473914308868165,0.0,256.654766965327,Normal Movement
8.029866414171542,9.207472990761689,149.50740644045442,88.27995714309947,0.3631287974746901,9.26595098631566,208.40348261545245,Restricted Area Intrusion
16.02204329102372,18.63417312665408,305.6021792027931,273.98843670558267,0.0645087116134407,0.0,155.30298477997542,Normal Movement
183.36090581332388,219.4474061488782,587.2046707003246,345.71965891323543,0.1265164754790483,0.0,3929.6991747841,Running / Sudden Motion
100.1858359209542,117.7322874073529,301.64555098996084,289.864714839561,0.1952488580681338,0.0,1487.2156719983084,Running / Sudden Motion
21.65761109871201,37.67052916216648,236.07871572731668,221.2800569838168,0.0628101989336771,0.0,13.424635571911338,Normal Movement
54.10742038246512,60.8979631594121,249.1047009112484,170.8331101149716,0.3441383563127134,0.0,198.03532870897476,Normal Movement
52.46381782158032,64.18682989843032,203.9884341910823,311.9176699949186,0.2003064596321113,0.0,208.98724552839363,Normal Movement
7.33843600784985,7.614840630743216,33.89517925307571,64.29511167917002,0.947450491886381,0.0,98.12622507439887,Loitering
19.25878957122249,23.42338423365753,305.85869272943125,243.4206188392736,0.0858155890240574,0.0,173.1749990667086,Normal Movement
6.647669808679317,8.698903315653032,43.44426166959015,13.310329627447944,0.7188354892009037,0.0,52.98006109074712,Loitering
130.68625467024393,165.5262313685191,430.7406629889269,699.0102053769065,0.044993649559145,0.0,3850.9094021053847,Running / Sudden Motion
13.754348787926768,17.12690422594489,47.8169970036709,70.6431356908982,0.9388307509847288,0.0,85.9710064682206,Loitering
15.619980988232264,19.896825089074483,215.2260898179777,245.51022915075623,0.3241210221093866,0.0,119.57291681591894,Normal Movement
23.39985097125481,24.949279582145994,209.7064657152681,38.75470080767785,0.5666294444011073,9.326970838936411,713.265224523038,Restricted Area Intrusion
0.0459165729613941,0.0601433033669086,46.73785755228895,64.08949640254025,0.9487719672515758,0.0,39.69546951715005,Loitering
32.09558007884608,44.62786080808704,221.99199828509992,170.00962420973852,0.6587588878211086,8.001755310753824,37.37055483681817,Restricted Area Intrusion
41.11080975343244,67.50773358556005,274.5100826427027,450.5135295381582,0.2553870111058962,0.0,161.41627694191376,Normal Movement
55.81256371145945,98.99419344771287,137.9035646911384,126.73177314001212,0.0608056529697273,7.878231904848425,421.1236662125271,Restricted Area Intrusion
71.79638411865042,100.41242034840252,501.0907464689847,297.72195005037435,0.1105723947070393,0.0,1470.1753352963642,Running / Sudden Motion
130.26147368160366,221.16519930557425,440.5270883770432,228.42584317171315,0.0428511645866923,0.0,3951.751063417165,Running / Sudden Motion
28.467412463677448,36.017038666413654,210.69652830240608,96.18313951511274,0.4513407055029649,4.926685999005738,841.264320117664,Restricted Area Intrusion
104.31893838676191,148.96567481943814,491.3544110131856,483.9245497070663,0.0862608662239948,0.0,1761.351896326271,Running / Sudden Motion
15.121827315410425,19.796458199359037,248.71437691786625,220.3194210571804,0.1088180756710677,0.0,143.41087062193165,Normal Movement
21.207389132571883,21.8917119750565,187.12071272666503,284.9224328547597,0.4574433282636587,5.9016919834827455,966.4141993524267,Restricted Area Intrusion
3.375354445269786,3.848788757145572,22.10531472778637,25.15363615104973,0.89219767823528,0.0,48.090811218148055,Loitering
20.468207900124312,30.76840062235414,53.1076845088277,187.91395966876544,0.3642560388370334,1.2592244002026676,467.9866341144324,Restricted Area Intrusion
52.58066059863302,65.68126122389329,61.46396372701074,319.89029206341127,0.3976311089809514,0.0,21.206849849796534,Normal Movement
5.783341929656233,5.918686420914498,26.772276052944044,79.65567961583751,0.9891471532319198,0.0,22.10221939441682,Loitering
42.07013036052071,60.59505819774968,148.46278281661708,255.83555667221668,0.3031641274931442,0.0,249.7173305507997,Normal Movement
57.8942486207335,70.31278578153355,248.5016276935774,167.24124640764649,0.1012738424506406,0.0,18.71582784074185,Normal Movement
12.731644745731632,14.591747071511474,25.75072792807212,164.44471102700103,0.4477077950954264,5.454670087462284,677.7937597360009,Restricted Area Intrusion
8.85806112878585,9.609654028368787,36.17974618014105,19.64312172722528,0.9636997852716525,0.0,2.620935654880885,Loitering
40.01448321940925,52.34648163383136,172.12702904751083,471.4166350765985,0.2727583620268294,0.0,292.6312198428207,Normal Movement
6.740309115496982,7.122770880025499,28.377514327409585,18.91431422239305,0.887644981320228,0.0,7.1168822547893695,Loitering
70.52440489864185,87.87742701863193,156.90994080399517,40.99536894188032,0.0062161352865141,7.201805598924913,127.1106862409447,Restricted Area Intrusion
61.211471101949606,108.26859506980496,162.53636157516434,331.7179565144908,0.6594444117196717,7.356532397186658,114.53305147813133,Restricted Area Intrusion
30.88891790454812,58.642788409930326,140.84445704006623,184.59673611366972,0.2706066161220725,9.659099405906955,126.1264418576175,Restricted Area Intrusion
112.90686768938257,172.62230776450795,367.2134487206949,583.5579654291816,0.070982407601639,0.0,3780.789048645718,Running / Sudden Motion
2.074305022411606,2.7988945825876685,48.70548094902911,7.125782792854886,0.9091558741723444,0.0,92.69303625596666,Loitering
111.15416333988549,134.8496868856213,160.56924250613662,321.97558991185235,0.16539096387916,0.0,3022.8676017057714,Running / Sudden Motion
64.87855733442919,129.19693743842598,444.141052249221,281.65214032093024,0.0574992577593332,0.0,3421.235252978624,Running / Sudden Motion
172.46184948175613,218.7533741729899,347.150604987909,398.1227416438445,0.0845034139158028,0.0,1026.9335863467772,Running / Sudden Motion
106.83979401025358,152.35543966375167,437.36325699795697,452.5823167827763,0.0896236817960692,0.0,4128.236504599494,Running / Sudden Motion
10.12185887525913,16.09522928022853,231.2810081250093,34.38950552310617,0.1559237035533693,4.082184293069174,511.7492725979818,Restricted Area Intrusion
41.354694100037314,48.85486611001991,116.85686428730304,299.0357561673452,0.3786605345980719,5.528408938952497,203.2934356001236,Restricted Area Intrusion
79.48522296280144,92.005633548556,502.9972732985715,608.1099863548695,0.0403179021724726,0.0,3679.763215886,Running / Sudden Motion
24.68302235829233,37.27234929506994,126.4654132578814,365.4013438677623,0.085636915734688,0.0,38.75552147365616,Normal Movement
15.62713294686907,19.70205196054556,104.81955404741714,364.61664291740016,0.0487330018514124,0.0,156.83568016998356,Normal Movement
12.666203199888653,17.74944149551406,6.312071828314108,14.333663626126407,0.7958562888629157,0.0,87.0095389613772,Loitering
13.779969225919428,15.493333820981617,44.32789568331392,12.3158530079737,0.8769568597056763,0.0,78.28381550557843,Loitering
57.00933568326277,110.58044785940636,169.5022998219164,445.1253126195071,0.1437604157074645,0.0,1177.523314408791,Running / Sudden Motion
117.36620238532564,154.56322276853072,452.1996818297055,812.3283476373601,0.0032550365330944,0.0,4005.594817216456,Running / Sudden Motion
57.01289472820712,97.85847837891606,81.92166432612754,262.7418886525551,0.4587949024314436,7.758723010287325,999.9477848799884,Restricted Area Intrusion
84.42656323209009,116.19248984301736,519.5114400316477,448.3555250675676,0.1663964548405202,0.0,2846.8960142055407,Running / Sudden Motion
32.665772212886395,37.76275959994874,316.8122587502131,262.18719147548904,0.1877307736761605,0.0,53.69516240583965,Normal Movement
115.80096129106408,176.3200549314948,290.065580248491,728.725389734139,0.1019135035523324,0.0,749.3339420725694,Running / Sudden Motion
11.751202287509638,12.861372155032887,11.89932438163014,63.43278040507752,0.6800996400722336,0.0,19.07609524666641,Loitering
3.040166818015763,4.081800070624922,27.44890332647301,75.83972493894694,0.8037452216336721,0.0,26.8513647639822,Loitering
67.18825302679718,127.93661628782768,618.5641236605059,601.7867447609883,0.0828827724849763,0.0,4172.656217189327,Running / Sudden Motion
13.231274986432537,13.941568527109766,28.71486439827758,16.67563978438347,0.8901452585009739,0.0,91.64332479289064,Loitering
56.06019583330388,82.7478324943118,272.83644927768745,164.78424567600726,0.3202334482695401,0.0,189.15878346661916,Normal Movement
40.066446855357526,66.05870269551372,285.86660371131177,250.6824818048296,0.3256081538664139,0.0,58.42214677323413,Normal Movement
25.25405039487752,41.20296231917224,248.3535827777322,88.88552479778326,0.126544582934686,0.0,61.3304092251889,Normal Movement
4.302533320202283,4.582251756964114,25.060456676923227,21.503624035745588,0.977442799858762,0.0,0.4003162442779095,Loitering
33.14731123186549,38.324726482057,149.3280627810434,494.1324920921819,0.0835838429938456,0.0,67.4541450095063,Normal Movement
100.62658992902792,170.78635794730275,358.411311600524,875.5940787960062,0.138627606930886,0.0,4325.102507238266,Running / Sudden Motion
43.75561421688741,48.20189087241016,397.7452894598005,197.97648210494515,0.024825242616062,0.0,142.89599204558905,Normal Movement
3.611144302862909,3.883323771481777,15.811635509311756,34.8462924702706,0.7360246367746233,0.0,99.88915487544232,Loitering
41.284408601073096,64.19282229980595,88.71106918756229,254.63910891165605,0.0166456695447569,0.0,153.2573375809105,Normal Movement
0.0289456181000918,0.0427371745251134,0.9989962114906326,36.39395941659002,0.9011171550897296,0.0,91.45992443717616,Loitering
70.33202160766126,118.14272039433006,254.7762805164504,295.050965692448,0.1040422598859697,9.790309367708856,788.7204031106819,Restricted Area Intrusion
52.74076275391535,105.21374644978914,29.318839566302227,338.890680173118,0.5999074686655831,9.208653712238668,483.38776305949057,Restricted Area Intrusion
81.40499315365528,143.41597618722767,293.28457285589275,838.4959034298771,0.0617939084818632,0.0,4888.941067600685,Running / Sudden Motion
47.40463242275306,59.0322156249971,102.2102691036395,214.6404124594837,0.1137683771151065,9.642608894541231,452.4748722389474,Restricted Area Intrusion
9.496586055969532,10.39708264725703,45.969846218387175,12.732460256398246,0.6524073038620166,0.0,85.49451286305332,Loitering
125.49569797519176,172.01904263479173,643.5269730255155,889.9449987596985,0.1557215605252159,0.0,886.8116150179751,Running / Sudden Motion
64.17685504505542,126.3446291815755,84.8023377435464,149.0240669108248,0.4513611569841497,0.7313960009480696,575.5068865603687,Restricted Area Intrusion
18.19607653156657,30.37241787274668,226.35395441973617,211.0817966579881,0.2382559780912816,2.082271068237671,297.06091985963315,Restricted Area Intrusion
12.827459197263206,13.874039773075662,25.3624316230858,36.82523216922586,0.6535452680695106,0.0,91.5396937089632,Loitering
58.64461483038285,65.68005660352893,294.5929998332577,38.33626435638527,0.4399576038149415,2.131672469037759,722.0650727273413,Restricted Area Intrusion
8.842594956052018,12.66782838273548,15.899225230825625,41.26624868230574,0.9828656989605112,0.0,79.82118419717366,Loitering
11.816290782989403,17.11555920499375,34.00304277150473,10.072966587729828,0.7140991210474231,0.0,95.3978182267084,Loitering
58.949883519746514,77.98058430211586,216.8110211847751,258.4063084224915,0.0205676618227717,0.0,204.956685054799,Normal Movement
58.78503782010173,60.29420765562246,59.77182017703358,282.6674944942986,0.086409647660309,0.958772582318802,118.12301296507894,Restricted Area Intrusion
14.922921054579136,21.36663888716042,1.184870105936736,23.84476630298495,0.6651697969644423,0.0,82.07793770411665,Loitering
4.196936830069744,5.286337368588333,5.873984295527218,71.34575019877103,0.7112517368014434,0.0,10.2362251350405,Loitering
138.43692320239938,158.5111520826924,609.8657440898517,524.8627463833599,0.1945950201763206,0.0,3426.024978299883,Running / Sudden Motion
79.71955584816821,98.1222026479419,275.60068841699183,369.64765377706925,0.2947004570540574,3.3880295974718844,387.22519142980326,Restricted Area Intrusion
8.966690109450571,10.947885103103326,12.223792124291975,71.21069991084352,0.7808726441026282,0.0,44.60317192298911,Loitering
127.42960311769372,225.86457939193045,616.3336385457635,208.5719660535757,0.0883954276170814,0.0,2676.9655391370093,Running / Sudden Motion
24.4242276656743,36.91661807651069,139.06802516924978,106.96771765749506,0.3070029663923593,0.0,119.17613597784612,Normal Movement
63.0010514454614,71.63128292395751,222.8294461804011,66.06994927602221,0.6392754260388074,6.554446733860446,498.3722595628583,Restricted Area Intrusion
0.8308809257294647,0.8474510189822522,11.369547281142427,68.20784582070716,0.8675181951373004,0.0,56.29578537862915,Loitering
11.856199025183589,13.287770207751896,43.22251909643927,26.01506789824981,0.9215407812303336,0.0,11.209923242642205,Loitering
43.20712422528939,70.12900200851249,364.1938815350571,194.4863289146745,0.0442897034402217,0.0,287.25353126156244,Normal Movement
29.84375455497534,35.847331104315515,95.15700902566756,326.81072031463907,0.0682371874147544,0.0,278.2848343292712,Normal Movement
160.7199877565981,241.58529502439944,284.74317686437,540.9757727872941,0.0774031759574732,0.0,3809.927764336065,Running / Sudden Motion
54.69349692471469,90.69614994028888,355.69266054036825,373.33999292311273,0.2696612269175859,0.0,162.27703767001051,Normal Movement
69.02837493650064,133.28313547363217,502.7798474823898,597.7326909980375,0.0674960046148946,0.0,1248.2722419163929,Running / Sudden Motion
25.11102635456432,42.50467433409216,195.7264029036488,94.74906066605996,0.0647766280998524,0.0,195.3825987032893,Normal Movement
4.13266259182274,5.964259518709721,34.04112962466039,72.17540635319321,0.7045654512388904,0.0,95.22967977656312,Loitering
90.38309767887012,148.9414300094084,605.9120398181062,301.11597966349126,0.1292358337220151,0.0,4929.136520615134,Running / Sudden Motion
59.77542377957146,69.04780562331293,190.79238070485607,155.89660222205998,0.1408481895702134,0.0,93.36717537904266,Normal Movement
8.904197869769481,10.237024256553234,34.11448593298657,60.51096565220029,0.7662744725732318,0.0,82.65478614895467,Loitering
93.68383314149088,121.38080314284542,338.6949259503354,234.501422470005,0.0604677390704996,0.0,4584.574448580581,Running / Sudden Motion
59.68030410597804,71.70705392003129,145.7460781811326,330.1346356807809,0.2670711193784506,9.850423614254323,371.1388743742772,Restricted Area Intrusion
20.89145904659246,23.736981148735666,381.4416346295825,191.6399535755276,0.2016255626258203,0.0,36.3035121660909,Normal Movement
4.846923092182063,5.541909364370243,6.801372261045325,46.19885617068794,0.8063088415411277,0.0,51.218642029994434,Loitering
88.81169353260543,105.02982345473458,180.52699597042664,437.3749365526144,0.0270651285230523,0.0,2708.194406836814,Running / Sudden Motion
54.929501117958544,95.54970468237032,138.7241092418339,245.74611629861164,0.6911600482668583,2.8274866939167644,577.2479168612584,Restricted Area Intrusion
26.44185676893708,46.09227008327401,214.51552630154364,333.438270819995,0.3938598134470574,0.0,114.84546280536782,Normal Movement
14.908052112102528,15.304157466989382,156.78872565776942,241.80475069466092,0.699337842961716,7.267104547325221,850.1044170253015,Restricted Area Intrusion
2.064521776985541,2.0691143312876643,9.648722088392192,22.691919063653057,0.9300869552631036,0.0,91.5438350527215,Loitering
137.1830250251977,216.801841490682,479.21338576343686,453.4857715932138,0.0121229950015003,0.0,637.230683993056,Running / Sudden Motion
171.67411784032208,205.70569504877608,375.0271824731556,496.0770928235592,0.0993384268910306,0.0,3091.9548648777354,Running / Sudden Motion
21.912580457728566,33.32001315044715,100.68866899406407,233.26613165286605,0.383371672360389,0.0,298.6846970492548,Normal Movement
125.74725422771326,210.31790210693785,366.477500521386,283.82557904505325,0.0477781900468933,0.0,1932.2745545006924,Running / Sudden Motion
53.680251003850415,73.25960540769849,349.5855421358563,181.513831152075,0.247464244774527,0.0,278.7344415435718,Normal Movement
162.0264246667394,185.9004748355436,607.8790825822549,653.5224411642118,0.1430985993581797,0.0,1190.5047575036028,Running / Sudden Motion
43.20447289472223,58.2095023180405,291.0249742077553,403.5660609361574,0.3992913924471415,0.0,152.81424593012557,Normal Movement
26.07299751772223,29.876299658116928,214.7400664199992,296.7568765279872,0.1250279796114335,0.0,24.778539946716958,Normal Movement
33.008098890024336,53.48554277829637,70.30290350817991,227.2817814445396,0.5059403775744352,1.3935757858814355,984.578183935774,Restricted Area Intrusion
135.7652462258973,162.52577199490446,191.04629714312148,760.7532928254898,0.0074669505688316,0.0,723.5080524214106,Running / Sudden Motion
29.351062414994505,56.77746165778576,179.30148354954454,220.3686931123532,0.2963141609535513,4.306373453634901,819.7866120887329,Restricted Area Intrusion
143.94594711582835,201.88998011105755,504.852278366287,624.4759963563151,0.0866242414972626,0.0,3348.9616445739816,Running / Sudden Motion
98.6409218484704,150.90606843226254,489.3352871572425,242.59281088720695,0.1310709836230292,0.0,2821.8777554982235,Running / Sudden Motion
96.08229431682692,191.5724180071768,550.1563787950296,464.2286381652101,0.1955495735286592,0.0,3642.2374093308936,Running / Sudden Motion
14.868000461643764,21.852429825715628,6.282665341874844,36.13305700013711,0.8770964268977638,0.0,73.34907975299367,Loitering
66.64417116944972,111.9670139002238,298.4938055420371,316.2572032874641,0.0785070013794841,0.0,1449.346130378294,Running / Sudden Motion
186.01314284299443,217.7965982765581,377.5131488815457,370.3486777441939,0.008794333644589,0.0,3200.764416337366,Running / Sudden Motion
0.3232,2.0,4.4721,48.4853,0.9933,10.8416,0.2555,Normal
0.7384,2.2361,92.3093,110.763,0.9867,1.1999,0.3147,Normal
0.5598,1.4142,61.2944,83.9706,1.0,1.37,0.2933,Normal
1.7877,13.9284,42.45,268.1499,0.5733,6.3168,3.6576,Normal
0.8477,6.0828,36.6197,127.1506,0.8533,3.4722,0.9548,Normal
0.6537,3.6056,45.3982,98.0548,0.9533,2.1599,0.4593,Normal
0.4957,11.6619,44.5982,74.3618,0.9333,1.6674,1.5876,Normal
0.3805,2.0,4.0,57.0711,0.9933,14.2677,0.2686,Normal
0.1333,1.0,0.0,20.0,1.0,2000000.0,0.1156,Normal
0.9592,5.831,29.1548,143.8855,0.7867,4.9352,1.5332,Normal
0.6907,3.1623,12.0,103.6044,0.8933,8.6337,0.6296,Normal
0.1883,2.0,1.4142,28.2426,0.9933,19.9704,0.1779,Normal
0.7262,2.2361,18.3576,108.928,0.9533,5.9337,0.3727,Normal
0.3404,3.0,2.2361,51.0645,0.9867,22.8366,0.2908,Normal
2.429,15.0333,19.3132,364.3509,0.4133,18.8654,5.4799,Normal
1.8321,5.099,144.7791,274.8088,0.52,1.8981,1.6236,Normal
1.1008,4.0,80.0062,165.1164,0.7533,2.0638,0.835,Normal
2.1165,6.0828,104.0433,317.4736,0.4067,3.0514,2.1138,Normal
1.1417,4.0,31.0161,171.2553,0.76,5.5215,0.7099,Normal
1.3729,5.099,41.0,205.9327,0.7067,5.0227,1.1885,Normal
1.6159,5.099,57.4282,242.3911,0.5867,4.2208,1.3221,Normal
1.0355,4.1231,3.6056,155.3232,0.7867,43.0788,0.8278,Normal
1.7113,14.0,154.013,256.6895,0.7,1.6667,6.6049,Normal
1.0213,5.099,56.0803,153.1953,0.8067,2.7317,0.7769,Normal
1.3762,8.2462,74.1687,206.4352,0.6667,2.7833,3.0593,Normal
1.3386,13.0,77.026,200.7843,0.74,2.6067,4.5883,Normal
0.4381,2.2361,2.0,65.7213,0.98,32.8605,0.3147,Normal
0.16,1.0,1.4142,24.0,1.0,16.9704,0.1344,Normal
0.2189,1.4142,1.4142,32.8284,1.0,23.213,0.1788,Normal
0.2432,1.4142,1.4142,36.4853,1.0,25.7988,0.2075,Normal
0.1067,1.0,1.4142,16.0,1.0,11.3136,0.0953,Normal
0.0733,1.0,1.0,11.0,1.0,10.9999,0.068,Normal
0.2255,1.4142,7.2801,33.8284,1.0,4.6467,0.1825,Normal
0.843,10.0,20.6155,126.4427,0.9,6.1334,1.7228,Normal
0.6884,7.0711,11.1803,103.2618,0.9133,9.236,1.4928,Normal
2.8076,19.9249,7.2801,421.1395,0.46,57.8479,8.7907,Normal
1.5347,11.6619,13.9284,230.2006,0.7267,16.5274,3.3648,Normal
1.7645,8.0623,2.0,264.6693,0.6733,132.334,4.0067,Normal
1.7905,10.0499,103.4843,268.5697,0.5667,2.5953,3.6142,Normal
0.3016,3.0,2.2361,45.2426,0.98,20.233,0.289,Normal
0.2831,3.0,5.6569,42.4721,0.9667,7.5081,0.3065,Normal
0.1733,1.0,2.0,26.0,1.0,12.9999,0.1433,Normal
0.1761,1.4142,2.2361,26.4142,1.0,11.8127,0.149,Normal
0.1533,3.1623,6.0828,22.9907,0.9933,3.7796,0.1832,Normal
0.4863,2.2361,24.0208,72.9508,0.9533,3.037,0.3701,Normal
0.3389,2.0,1.4142,50.8284,0.98,35.9409,0.2718,Normal
1.4593,10.198,33.0151,218.8982,0.6867,6.6302,2.6704,Normal
0.9568,5.099,27.1662,143.519,0.7733,5.283,1.3512,Normal
0.8491,9.0554,21.8403,127.3627,0.8733,5.8315,1.8457,Normal
0.6827,5.3852,47.7074,102.4084,0.8867,2.1466,1.2006,Normal
0.6296,7.0711,9.434,94.4389,0.94,10.0105,0.9569,Normal
0.3103,2.2361,2.0,46.5498,0.98,23.2748,0.2904,Normal
0.4276,2.2361,3.6056,64.1356,0.9733,17.788,0.3305,Normal
1.3511,7.0,27.1662,202.6599,0.7133,7.46,1.868,Normal
0.6977,5.0,8.0623,104.6569,0.8933,12.9811,0.7199,Normal
0.8307,11.0454,7.0711,124.6059,0.8933,17.6219,2.2699,Normal
0.4248,2.2361,4.4721,63.7213,0.9867,14.2485,0.2995,Normal
0.9307,4.1231,62.1772,139.6112,0.8533,2.2454,0.8404,Normal
0.3589,2.0,2.2361,53.8284,0.9867,24.0727,0.2646,Normal
0.326,1.4142,11.0,48.8995,1.0,4.4454,0.2471,Normal
0.4958,7.0711,6.3246,74.3716,0.9333,11.7592,0.8875,Normal
0.3279,4.1231,6.7082,49.1849,0.9733,7.332,0.4058,Normal
1.1687,6.3246,6.0828,175.3049,0.7867,28.8199,1.8675,Normal
0.5143,6.3246,2.0,77.1466,0.8933,38.5731,1.0155,Normal
0.7505,5.0,6.0,112.5765,0.8333,18.7627,1.4501,Normal
0.7682,5.0,8.0,115.2361,0.8333,14.4045,1.5965,Normal
0.477,2.2361,4.1231,71.5498,0.9867,17.3533,0.3125,Normal
0.4648,3.0,2.2361,69.7148,0.9533,31.1773,0.444,Normal
0.582,4.0,6.0828,87.3071,0.8867,14.3532,0.6679,Normal
0.468,4.1231,4.0,70.1942,0.9333,17.5485,0.541,Normal
0.7989,5.0,6.0828,119.8281,0.8467,19.6996,0.9285,Normal
0.1067,1.0,1.4142,16.0,1.0,11.3136,0.0953,Normal
0.3848,4.0,4.0,57.7213,0.9467,14.4303,0.5053,Normal
1.4411,12.6491,141.4496,216.1691,0.68,1.5282,4.1232,Normal
0.1616,1.4142,1.4142,24.2426,1.0,17.142,0.1472,Normal
0.22,1.0,2.2361,33.0,1.0,14.758,0.1716,Normal
0.4616,4.0,1.0,69.2426,0.9133,69.2419,0.5802,Normal
0.2389,1.4142,1.0,35.8284,1.0,35.8281,0.1896,Normal
0.2655,2.0,1.0,39.8284,0.9933,39.828,0.2162,Normal
0.1922,1.4142,1.4142,28.8284,1.0,20.3846,0.1631,Normal
0.7331,3.1623,76.5506,109.97,0.92,1.4366,0.4758,Normal
1.0379,2.2361,130.0615,155.6778,0.86,1.197,0.4029,Normal
1.0263,3.1623,133.8208,153.9421,0.8333,1.1504,0.6001,Normal
0.9603,3.1623,117.686,144.0384,0.8867,1.2239,0.4779,Normal
1.8247,5.099,239.8833,273.7027,0.48,1.141,1.4705,Normal
0.7198,4.4721,42.107,107.9675,0.8733,2.5641,0.9819,Normal
0.4814,5.831,3.1623,72.2026,0.96,22.8324,0.5683,Normal
0.3742,3.0,6.7082,56.1356,0.9533,8.3682,0.3866,Normal
0.4209,2.0,7.2801,63.1421,0.9933,8.6732,0.2961,Normal
0.2522,2.0,1.0,37.8284,0.9867,37.828,0.2231,Normal
0.4547,2.2361,9.2195,68.2001,0.9867,7.3973,0.3199,Normal
0.898,4.1231,38.6264,134.6948,0.9067,3.4871,0.487,Normal
0.3766,2.0,40.05,56.4853,0.9933,1.4104,0.2715,Normal
1.6942,10.198,91.0494,254.1333,0.64,2.7912,4.3563,Normal
0.2883,2.0,16.0312,43.2426,0.96,2.6974,0.2969,Normal
0.6327,6.0,41.7732,94.9091,0.8933,2.272,0.993,Normal
0.6355,6.0828,30.5941,95.3314,0.8933,3.116,0.8228,Normal
0.7444,4.0,40.3113,111.6602,0.9067,2.7699,0.6792,Normal
0.6543,4.0,42.3792,98.1443,0.8867,2.3159,0.5852,Normal
0.6367,6.0,13.3417,95.5008,0.8933,7.1581,0.9146,Normal
0.7064,5.3852,42.5793,105.9673,0.9133,2.4887,0.8276,Normal
0.4122,3.1623,31.0161,61.8279,0.9133,1.9934,0.4968,Normal
0.1883,9.2195,9.8995,28.2393,0.98,2.8526,0.7646,Normal
0.098,4.1231,9.2195,14.6996,0.98,1.5944,0.2371,Normal
0.3232,2.0,4.4721,48.4853,0.9933,10.8416,0.2555,Normal
0.7384,2.2361,92.3093,110.763,0.9867,1.1999,0.3147,Normal
0.5598,1.4142,61.2944,83.9706,1.0,1.37,0.2933,Normal
1.7877,13.9284,42.45,268.1499,0.5733,6.3168,3.6576,Normal
0.8477,6.0828,36.6197,127.1506,0.8533,3.4722,0.9548,Normal
0.6537,3.6056,45.3982,98.0548,0.9533,2.1599,0.4593,Normal
0.4957,11.6619,44.5982,74.3618,0.9333,1.6674,1.5876,Normal
0.3805,2.0,4.0,57.0711,0.9933,14.2677,0.2686,Normal
0.1333,1.0,0.0,20.0,1.0,2000000.0,0.1156,Normal
0.9592,5.831,29.1548,143.8855,0.7867,4.9352,1.5332,Normal
0.6907,3.1623,12.0,103.6044,0.8933,8.6337,0.6296,Normal
0.1883,2.0,1.4142,28.2426,0.9933,19.9704,0.1779,Normal
0.7262,2.2361,18.3576,108.928,0.9533,5.9337,0.3727,Normal
0.3404,3.0,2.2361,51.0645,0.9867,22.8366,0.2908,Normal
2.429,15.0333,19.3132,364.3509,0.4133,18.8654,5.4799,Normal
1.8321,5.099,144.7791,274.8088,0.52,1.8981,1.6236,Normal
1.1008,4.0,80.0062,165.1164,0.7467,2.0638,0.8083,Normal
2.1165,6.0828,104.0433,317.4736,0.4067,3.0514,2.1138,Normal
1.1417,4.0,31.0161,171.2553,0.76,5.5215,0.7099,Normal
1.3729,5.099,41.0,205.9327,0.7067,5.0227,1.1885,Normal
1.6159,5.099,57.4282,242.3911,0.5867,4.2208,1.3221,Normal
1.0355,4.1231,3.6056,155.3232,0.7867,43.0788,0.8278,Normal
1.7113,14.0,154.013,256.6895,0.7,1.6667,6.6049,Normal
1.0213,5.099,56.0803,153.1953,0.8067,2.7317,0.7769,Normal
1.3762,8.2462,74.1687,206.4352,0.6667,2.7833,3.0593,Normal
1.3386,13.0,77.026,200.7843,0.74,2.6067,4.5883,Normal
0.4381,2.2361,2.0,65.7213,0.98,32.8605,0.3147,Normal
0.16,1.0,1.4142,24.0,1.0,16.9704,0.1344,Normal
0.2189,1.4142,1.4142,32.8284,1.0,23.213,0.1788,Normal
0.2432,1.4142,1.4142,36.4853,1.0,25.7988,0.2075,Normal
0.1067,1.0,1.4142,16.0,1.0,11.3136,0.0953,Normal
0.0733,1.0,1.0,11.0,1.0,10.9999,0.068,Normal
0.2255,1.4142,7.2801,33.8284,1.0,4.6467,0.1825,Normal
0.843,10.0,20.6155,126.4427,0.9,6.1334,1.7228,Normal
0.6884,7.0711,11.1803,103.2618,0.9133,9.236,1.4928,Normal
2.8076,19.9249,7.2801,421.1395,0.46,57.8479,8.7907,Normal
1.5347,11.6619,13.9284,230.2006,0.7267,16.5274,3.3648,Normal
1.7645,8.0623,2.0,264.6693,0.6733,132.334,4.0067,Normal
1.7905,10.0499,103.4843,268.5697,0.5667,2.5953,3.6142,Normal
0.3016,3.0,2.2361,45.2426,0.98,20.233,0.289,Normal
0.2831,3.0,5.6569,42.4721,0.9667,7.5081,0.3065,Normal
0.1733,1.0,2.0,26.0,1.0,12.9999,0.1433,Normal
0.1761,1.4142,2.2361,26.4142,1.0,11.8127,0.149,Normal
0.1533,3.1623,6.0828,22.9907,0.9933,3.7796,0.1832,Normal
0.4863,2.2361,24.0208,72.9508,0.9533,3.037,0.3701,Normal
0.3389,2.0,1.4142,50.8284,0.98,35.9409,0.2718,Normal
1.4593,10.198,33.0151,218.8982,0.6867,6.6302,2.6704,Normal
0.9568,5.099,27.1662,143.519,0.7733,5.283,1.3512,Normal
0.8491,9.0554,21.8403,127.3627,0.8733,5.8315,1.8457,Normal
0.6827,5.3852,47.7074,102.4084,0.8867,2.1466,1.2006,Normal
0.6296,7.0711,9.434,94.4389,0.94,10.0105,0.9569,Normal
0.3103,2.2361,2.0,46.5498,0.98,23.2748,0.2904,Normal
0.4276,2.2361,3.6056,64.1356,0.9733,17.788,0.3305,Normal
1.3511,7.0,27.1662,202.6599,0.7133,7.46,1.868,Normal
0.6977,5.0,8.0623,104.6569,0.8933,12.9811,0.7199,Normal
0.8307,11.0454,7.0711,124.6059,0.8933,17.6219,2.2699,Normal
0.4248,2.2361,4.4721,63.7213,0.9867,14.2485,0.2995,Normal
0.9307,4.1231,62.1772,139.6112,0.8533,2.2454,0.8404,Normal
0.3589,2.0,2.2361,53.8284,0.9867,24.0727,0.2646,Normal
0.326,1.4142,11.0,48.8995,1.0,4.4454,0.2471,Normal
0.4958,7.0711,6.3246,74.3716,0.9333,11.7592,0.8875,Normal
0.3279,4.1231,6.7082,49.1849,0.9733,7.332,0.4058,Normal
1.1687,6.3246,6.0828,175.3049,0.7867,28.8199,1.8675,Normal
0.5143,6.3246,2.0,77.1466,0.8933,38.5731,1.0155,Normal
0.7505,5.0,6.0,112.5765,0.8333,18.7627,1.4501,Normal
0.7682,5.0,8.0,115.2361,0.8333,14.4045,1.5965,Normal
0.477,2.2361,4.1231,71.5498,0.9867,17.3533,0.3125,Normal
0.4648,3.0,2.2361,69.7148,0.9533,31.1773,0.444,Normal
0.582,4.0,6.0828,87.3071,0.8867,14.3532,0.6679,Normal
0.468,4.1231,4.0,70.1942,0.9333,17.5485,0.541,Normal
0.7989,5.0,6.0828,119.8281,0.8467,19.6996,0.9285,Normal
0.1067,1.0,1.4142,16.0,1.0,11.3136,0.0953,Normal
0.3848,4.0,4.0,57.7213,0.9467,14.4303,0.5053,Normal
1.4411,12.6491,141.4496,216.1691,0.68,1.5282,4.1232,Normal
0.1616,1.4142,1.4142,24.2426,1.0,17.142,0.1472,Normal
0.22,1.0,2.2361,33.0,1.0,14.758,0.1716,Normal
0.4616,4.0,1.0,69.2426,0.9133,69.2419,0.5802,Normal
0.2389,1.4142,1.0,35.8284,1.0,35.8281,0.1896,Normal
0.2655,2.0,1.0,39.8284,0.9933,39.828,0.2162,Normal
0.1922,1.4142,1.4142,28.8284,1.0,20.3846,0.1631,Normal
0.7331,3.1623,76.5506,109.97,0.92,1.4366,0.4758,Normal
1.0379,2.2361,130.0615,155.6778,0.86,1.197,0.4029,Normal
1.0263,3.1623,133.8208,153.9421,0.8333,1.1504,0.6001,Normal
0.9603,3.1623,117.686,144.0384,0.8867,1.2239,0.4779,Normal
1.8247,5.099,239.8833,273.7027,0.48,1.141,1.4705,Normal
0.7198,4.4721,42.107,107.9675,0.8733,2.5641,0.9819,Normal
0.4814,5.831,3.1623,72.2026,0.96,22.8324,0.5683,Normal
0.3742,3.0,6.7082,56.1356,0.9533,8.3682,0.3866,Normal
0.4209,2.0,7.2801,63.1421,0.9933,8.6732,0.2961,Normal
0.2522,2.0,1.0,37.8284,0.9867,37.828,0.2231,Normal
0.4547,2.2361,9.2195,68.2001,0.9867,7.3973,0.3199,Normal
0.898,4.1231,38.6264,134.6948,0.9067,3.4871,0.487,Normal
0.3766,2.0,40.05,56.4853,0.9933,1.4104,0.2715,Normal
1.6942,10.198,91.0494,254.1333,0.64,2.7912,4.3563,Normal
0.2883,2.0,16.0312,43.2426,0.96,2.6974,0.2969,Normal
0.6327,6.0,41.7732,94.9091,0.8933,2.272,0.993,Normal
0.6355,6.0828,30.5941,95.3314,0.8933,3.116,0.8228,Normal
0.7444,4.0,40.3113,111.6602,0.9067,2.7699,0.6792,Normal
0.6543,4.0,42.3792,98.1443,0.8867,2.3159,0.5852,Normal
0.6367,6.0,13.3417,95.5008,0.8933,7.1581,0.9146,Normal
0.7064,5.3852,42.5793,105.9673,0.9133,2.4887,0.8276,Normal
0.4122,3.1623,31.0161,61.8279,0.9133,1.9934,0.4968,Normal
0.1883,9.2195,9.8995,28.2393,0.98,2.8526,0.7646,Normal
0.098,4.1231,9.2195,14.6996,0.98,1.5944,0.2371,Normal
0.4632,2.0,37.855,69.4853,0.9667,1.8356,0.3387,Normal
0.215,1.4142,2.8284,32.2426,1.0,11.3995,0.1805,Normal
0.5293,3.6056,14.4222,79.3953,0.92,5.5051,0.5865,Normal
0.4354,1.4142,9.0554,65.3137,1.0,7.2127,0.2771,Normal
0.1,1.0,1.0,15.0,1.0,14.9999,0.09,Normal
0.1467,3.0,0.0,22.0,0.9867,2200000.0,0.2052,Normal
0.0133,1.0,0.0,2.0,1.0,200000.0,0.0132,Normal
0.1855,1.4142,6.0828,27.8284,1.0,4.575,0.1589,Normal
0.1467,1.0,1.4142,22.0,1.0,15.5562,0.1252,Normal
0.1789,1.4142,1.4142,26.8284,1.0,18.9704,0.1547,Normal
0.3737,3.1623,14.1421,56.0552,0.94,3.9637,0.4337,Normal
1.3292,12.0416,112.0045,199.3816,0.6867,1.7801,2.0799,Normal
0.2942,2.2361,3.6056,44.1356,0.9933,12.241,0.2534,Normal
0.3216,4.0,14.1421,48.2426,0.96,3.4113,0.4032,Normal
0.2855,1.4142,1.4142,42.8284,1.0,30.2841,0.2118,Normal
1.9043,12.0,161.0031,285.6452,0.6,1.7742,4.307,Normal
1.1797,12.0416,14.0,176.9543,0.7267,12.6396,3.3017,Normal
1.2739,7.0711,164.8787,191.0896,0.7267,1.159,1.7571,Normal
1.3757,5.099,166.1927,206.3594,0.6533,1.2417,1.4274,Normal
0.6185,3.6056,21.6333,92.7804,0.9267,4.2888,0.6041,Normal
1.2635,7.0711,124.1491,189.5221,0.7933,1.5266,2.0103,Normal
1.5163,6.0,196.7359,227.4446,0.5867,1.1561,1.3075,Normal
0.3455,2.0,3.0,51.8284,0.9933,17.2761,0.2473,Normal
0.2361,1.4142,2.8284,35.4142,1.0,12.5208,0.1843,Normal
0.3099,1.4142,7.6158,46.4853,1.0,6.1038,0.2373,Normal
0.5568,5.6569,36.3456,83.5192,0.8933,2.2979,0.8833,Normal
0.5862,4.4721,31.305,87.9326,0.9267,2.8089,0.763,Normal
0.1028,1.4142,2.0,15.4142,1.0,7.7071,0.0961,Normal
0.6981,3.1623,10.8167,104.7181,0.9,9.6812,0.6126,Normal
0.4319,2.2361,2.0,64.7924,0.98,32.396,0.3334,Normal
1.5683,6.0828,93.1933,235.2433,0.6267,2.5242,1.7605,Normal
0.9418,6.0828,24.8395,141.2726,0.8533,5.6874,0.8663,Normal
0.4097,11.0454,2.2361,61.4596,0.9533,27.4854,1.7721,Normal
0.797,4.1231,32.8938,119.556,0.88,3.6346,0.7647,Normal
0.8179,11.0454,16.1245,122.6822,0.9333,7.6084,1.1577,Normal
1.2121,6.0828,100.2247,181.8212,0.7467,1.8141,1.684,Normal
1.0785,4.1231,57.4282,161.7812,0.8133,2.8171,0.6234,Normal
1.5204,7.0,128.082,228.0575,0.6133,1.7806,1.2951,Normal
1.2612,4.0,136.0294,189.1783,0.7533,1.3907,0.6894,Normal
0.3557,7.0711,17.4929,53.3524,0.94,3.05,0.9668,Normal
0.2723,10.4403,13.9284,40.8452,0.9733,2.9325,0.9659,Normal
0.6166,3.1623,65.7875,92.4842,0.88,1.4058,0.7132,Normal
0.302,2.2361,7.8102,45.3071,0.9867,5.801,0.2621,Normal
0.4469,3.1623,2.0,67.03,0.96,33.5149,0.4536,Normal
0.4687,4.0,2.8284,70.3071,0.9667,24.8572,0.487,Normal
0.3504,2.0,1.0,52.5563,0.9733,52.5558,0.3239,Normal
0.2389,1.4142,1.0,35.8284,1.0,35.8281,0.1896,Normal
0.355,2.0,3.6056,53.2426,0.9933,14.7668,0.254,Normal
0.4637,2.2361,4.1231,69.5498,0.9867,16.8683,0.3117,Normal
0.2189,1.4142,3.1623,32.8284,1.0,10.3812,0.1788,Normal
0.3405,1.4142,0.0,51.0711,1.0,5107106.7812,0.2441,Normal
0.473,3.1623,4.0,70.9481,0.9333,17.737,0.5096,Normal
0.2938,1.4142,3.6056,44.0711,1.0,12.2231,0.227,Normal
0.4942,3.1623,8.0623,74.1263,0.9533,9.1942,0.4691,Normal
0.739,3.0,3.1623,110.8569,0.9467,35.0559,0.3871,Normal
0.4826,17.0,13.1529,72.3956,0.96,5.5041,2.4937,Normal
1.0314,7.0711,6.3246,154.7157,0.8267,24.4627,1.8295,Normal
0.5081,4.1231,61.8466,76.2161,0.9333,1.2323,0.5752,Normal
1.4208,13.4164,182.0357,213.124,0.7667,1.1708,3.4013,Normal
0.4204,3.1623,15.0,63.0552,0.9533,4.2037,0.4166,Normal
1.366,10.0499,181.1077,204.9023,0.7667,1.1314,3.1873,Normal
1.34,10.198,174.0,200.9941,0.7467,1.1551,2.9512,Normal
0.3547,2.2361,37.4433,53.2001,0.9867,1.4208,0.3009,Normal
0.5678,3.6056,59.6657,85.1707,0.9467,1.4275,0.4776,Normal
0.7355,5.0,84.0238,110.3325,0.88,1.3131,0.979,Normal
1.6838,12.6491,207.6078,252.5712,0.68,1.2166,4.3848,Normal
1.2352,8.2462,158.1423,185.2739,0.8067,1.1716,2.001,Normal
0.4958,3.1623,41.6293,74.3689,0.98,1.7865,0.3742,Normal
0.5905,2.2361,68.8186,88.5783,0.9533,1.2871,0.4246,Normal
1.4097,8.544,162.6899,211.4492,0.7467,1.2997,2.2262,Normal
0.9276,3.6056,47.0425,139.1362,0.8133,2.9577,0.8129,Normal
0.6334,3.0,37.054,95.0153,0.8533,2.5642,0.6721,Normal
0.9241,4.4721,70.9366,138.6168,0.8,1.9541,1.1194,Normal
0.4101,6.3246,26.0,61.5153,0.96,2.366,0.6318,Normal
0.3248,3.0,5.0,48.7213,0.9733,9.7443,0.3278,Normal
0.04,1.0,0.0,6.0,1.0,600000.0,0.0384,Normal
0.1322,1.4142,3.0,19.8284,1.0,6.6095,0.1225,Normal
0.2122,1.4142,1.0,31.8284,1.0,31.8281,0.175,Normal
0.0133,1.0,0.0,2.0,1.0,200000.0,0.0132,Normal
0.6833,5.0,4.0,102.4882,0.88,25.622,0.9732,Normal
0.2299,2.0,4.2426,34.4853,0.9867,8.1282,0.2271,Normal
0.4441,2.2361,5.0,66.6077,0.9733,13.3215,0.3428,Loitering
1.0985,5.0,51.7397,164.7785,0.7733,3.1848,1.1599,Loitering
0.2066,3.1623,8.544,30.9907,0.9867,3.6272,0.2306,Loitering
1.0769,7.0,14.0357,161.5405,0.78,11.5093,2.1002,Loitering
1.0433,5.3852,45.2769,156.4916,0.8,3.4563,1.2982,Loitering
0.5926,4.2426,12.3693,88.8902,0.94,7.1863,0.5222,Loitering
0.175,1.4142,1.4142,26.2426,1.0,18.5562,0.1561,Loitering
0.557,3.0,28.4605,83.5563,0.96,2.9359,0.3964,Loitering
0.3977,3.0,3.1623,59.6569,0.9733,18.8651,0.3352,Loitering
1.3047,9.0554,92.0978,195.6998,0.72,2.1249,2.2578,Loitering
0.4249,1.4142,28.1603,63.7279,1.0,2.263,0.2795,Loitering
0.3421,1.4142,13.9284,51.3137,1.0,3.6841,0.2563,Loitering
0.4354,2.0,16.1245,65.3137,0.98,4.0506,0.3171,Loitering
0.6175,2.0,13.0384,92.6274,0.96,7.1042,0.3787,Loitering
0.3448,2.2361,9.0554,51.7213,0.9933,5.7117,0.2678,Loitering
0.2522,2.0,8.544,37.8284,0.9933,4.4275,0.2097,Loitering
0.2855,1.4142,3.1623,42.8284,1.0,13.5435,0.2118,Loitering
0.4464,2.2361,9.8489,66.964,0.98,6.7992,0.3274,Loitering
0.3786,3.0,5.3852,56.7858,0.9733,10.5448,0.3567,Loitering
0.5075,3.1623,51.0098,76.1197,0.92,1.4923,0.5425,Loitering
0.4782,2.0,28.8617,71.7279,0.98,2.4852,0.3247,Loitering
0.5543,2.8284,12.0416,83.1421,0.9533,6.9046,0.3928,Loitering
0.4856,2.2361,10.198,72.8438,0.9467,7.1429,0.4042,Loitering
0.4765,3.1623,4.1231,71.476,0.9867,17.3354,0.3396,Loitering
0.3993,2.2361,7.0,59.8929,0.98,8.5561,0.3006,Loitering
0.6945,5.099,36.0694,104.1696,0.9133,2.888,0.7777,Loitering
0.5684,2.2361,3.6056,85.258,0.9533,23.6462,0.3903,Loitering
1.0302,7.0711,50.9608,154.5264,0.7867,3.0323,1.3987,Loitering
0.0828,1.4142,1.0,12.4142,1.0,12.4141,0.0798,Loitering
0.2899,2.2361,8.2462,43.4787,0.9867,5.2726,0.2493,Loitering
0.9635,8.0623,12.083,144.5225,0.8467,11.9608,1.165,Loitering
0.9001,6.0828,48.0416,135.0187,0.8133,2.8105,1.3898,Loitering
0.9218,4.0,45.2769,138.276,0.8467,3.054,0.8435,Loitering
0.9927,5.099,32.5576,148.9062,0.82,4.5736,0.9745,Loitering
0.8092,13.3417,37.0,121.3806,0.94,3.2806,3.1385,Loitering
0.4381,3.1623,25.6125,65.7121,0.96,2.5656,0.4081,Loitering
0.4369,3.1623,21.2603,65.5339,0.9333,3.0825,0.4625,Loitering
0.7155,6.3246,14.8661,107.3236,0.9333,7.2194,0.6814,Loitering
0.6333,3.6056,28.2312,94.9979,0.9133,3.365,0.6722,Loitering
0.3455,7.0,12.2066,51.8284,0.9467,4.2459,0.9406,Loitering
0.1655,1.4142,4.4721,24.8284,1.0,5.5518,0.1459,Loitering
0.1616,1.4142,5.831,24.2426,1.0,4.1576,0.1472,Loitering
0.4349,5.099,22.3607,65.228,0.9267,2.9171,0.6376,Loitering
0.9578,4.2426,8.9443,143.6635,0.8133,16.062,0.9494,Loitering
0.3449,2.0,8.0623,51.7279,0.9867,6.4161,0.2877,Loitering
0.2,1.0,10.2956,30.0,1.0,2.9139,0.16,Loitering
0.0389,1.4142,1.0,5.8284,1.0,5.8284,0.0452,Loitering
0.6948,3.1623,4.2426,104.2127,0.92,24.5631,0.5173,Loitering
0.4185,6.4031,14.2127,62.7813,0.9733,4.4173,0.6515,Loitering
0.6921,17.72,55.6597,103.8085,0.94,1.8651,3.8411,Loitering
0.9799,18.6815,84.5044,146.9917,0.8533,1.7395,6.353,Loitering
0.4175,7.2801,11.1803,62.6227,0.96,5.6011,0.7924,Loitering
0.7385,10.6301,24.0832,110.7684,0.8867,4.5994,2.1747,Loitering
1.38,22.0227,31.257,207.0016,0.76,6.6226,7.2889,Loitering
1.0177,14.1421,24.1868,152.6525,0.8533,6.3114,4.651,Loitering
1.5421,21.095,140.0571,231.3189,0.8333,1.6516,13.5285,Loitering
0.913,11.7047,15.5563,136.9469,0.8733,8.8033,3.4598,Loitering
0.9302,39.1152,61.0983,139.5251,0.9067,2.2836,14.0748,Loitering
0.3651,12.0416,17.0294,54.7629,0.98,3.2158,1.24,Loitering
0.6446,11.4018,32.1403,96.6891,0.88,3.0083,2.0445,Loitering
0.5354,10.0499,5.3852,80.3121,0.92,14.9136,1.3467,Loitering
1.26,23.0,53.0,189.0056,0.82,3.5661,7.779,Loitering
0.4488,9.0554,22.561,67.3257,0.9333,2.9842,1.4319,Loitering
0.4302,6.3246,5.3852,64.5246,0.94,11.9819,1.035,Loitering
1.1761,18.1108,67.897,176.417,0.8333,2.5983,7.0834,Loitering
0.6689,17.72,17.8885,100.3403,0.92,5.6092,3.5925,Loitering
0.1793,2.2361,3.1623,26.8929,0.9933,8.5043,0.1812,Loitering
0.9382,15.2315,53.6004,140.7366,0.88,2.6257,5.1264,Loitering
0.7718,21.0238,25.0799,115.7627,0.9133,4.6158,5.5444,Loitering
0.2134,4.4721,7.2111,32.0153,0.98,4.4397,0.3278,Loitering
0.2494,4.0,1.4142,37.4142,0.9867,26.4557,0.2845,Loitering
1.0041,17.0,5.3852,150.6104,0.8667,27.9676,7.2118,Loitering
0.4079,4.1231,4.1231,61.1849,0.98,14.8395,0.4403,Loitering
0.7458,13.4536,11.6619,111.8689,0.8733,9.5927,3.6438,Loitering
0.3258,8.0623,13.3417,48.8655,0.9667,3.6626,0.7339,Loitering
0.3126,2.8284,4.2426,46.8929,0.9867,11.0527,0.2756,Loitering
0.1765,2.2361,5.3852,26.4787,0.9933,4.917,0.1755,Loitering
0.3738,3.0,5.3852,56.0711,0.9867,10.4121,0.3069,Loitering
0.3499,1.4142,5.6569,52.4853,1.0,9.2782,0.2509,Loitering
0.1733,1.0,3.1623,26.0,1.0,8.2219,0.1433,Loitering
0.04,1.0,0.0,6.0,1.0,600000.0,0.0384,Loitering
0.04,1.0,0.0,6.0,1.0,600000.0,0.0384,Loitering
0.4761,4.1231,1.4142,71.4209,0.9533,50.5019,0.5466,Loitering
0.3553,3.1623,14.3178,53.2978,0.9467,3.7225,0.4271,Loitering
0.0961,1.4142,1.0,14.4142,1.0,14.4141,0.0908,Loitering
0.1028,1.4142,2.8284,15.4142,1.0,5.4497,0.0961,Loitering
0.2366,2.0,3.6056,35.4853,0.9933,9.8418,0.2174,Loitering
0.1,1.0,1.0,15.0,1.0,14.9999,0.09,Loitering
0.251,1.4142,5.831,37.6569,1.0,6.4581,0.2036,Loitering
1.7544,12.0,157.8132,263.1575,0.6533,1.6675,5.5155,Loitering
1.2038,11.1803,135.2479,180.5735,0.8133,1.3351,4.6308,Loitering
0.4291,3.1623,25.0,64.3689,0.9733,2.5748,0.4092,Loitering
0.2055,1.4142,2.0,30.8284,1.0,15.4141,0.1711,Loitering
0.2766,2.0,1.0,41.4853,0.9933,41.4849,0.2368,Loitering
0.08,1.0,0.0,12.0,1.0,1200000.0,0.0736,Loitering
1.2306,6.0,12.6491,184.5857,0.7067,14.5928,1.5524,Loitering
0.0694,1.4142,4.1231,10.4142,1.0,2.5258,0.0685,Loitering
0.5582,4.0,11.0,83.7279,0.9267,7.6116,0.5884,Loitering
0.4259,4.0,1.0,63.8836,0.9733,63.883,0.4253,Loitering
0.5016,4.1231,8.0623,75.2455,0.92,9.333,0.635,Loitering
0.3005,2.0,3.1623,45.0711,0.9933,14.2527,0.243,Loitering
2.0197,11.0454,30.2324,302.9596,0.6133,10.021,5.334,Loitering
0.32,1.0,1.4142,48.0,1.0,33.9409,0.2176,Loitering
1.108,8.0623,46.0109,166.1954,0.7733,3.6121,2.0991,Loitering
0.3649,2.0,4.2426,54.7279,0.9867,12.8995,0.2935,Loitering
1.4681,12.0416,8.0623,220.2209,0.7467,27.315,3.9179,Loitering
0.4577,3.0,6.0828,68.6569,0.9667,11.2871,0.3838,Loitering
0.5641,3.1623,5.0,84.6115,0.9733,16.9223,0.4085,Loitering
0.8308,6.0,12.083,124.6143,0.8333,10.3131,1.1365,Loitering
0.573,4.0,6.4031,85.9574,0.94,13.4243,0.4916,Loitering
0.4558,4.4721,10.2956,68.3716,0.9467,6.6408,0.6056,Loitering
0.49,4.1231,24.4131,73.4947,0.9067,3.0105,0.7199,Loitering
0.3448,6.3246,30.0832,51.7136,0.9467,1.719,0.7145,Loitering
0.9154,5.099,38.2753,137.3044,0.8133,3.5873,1.4088,Loitering
0.5812,4.0,33.541,87.1842,0.9133,2.5993,0.6288,Loitering
0.3644,4.1231,12.8062,54.6663,0.96,4.2687,0.4138,Loitering
2.1634,14.0357,128.5146,324.5084,0.52,2.5251,4.0531,Loitering
0.8477,3.1623,1.0,127.1482,0.86,127.1469,0.6748,Loitering
0.4416,3.1623,4.4721,66.2394,0.9533,14.8115,0.4717,Loitering
0.6206,3.1623,4.2426,93.0903,0.9333,21.9415,0.4949,Loitering
0.251,2.0,4.4721,37.6569,0.9933,8.4203,0.217,Loitering
0.5002,2.2361,1.4142,75.0351,0.9867,53.0574,0.3364,Loitering
0.7053,3.0,8.0,105.8012,0.9,13.2251,0.5558,Loitering
0.9812,6.0828,117.72,147.1789,0.78,1.2502,2.3173,Loitering
0.5278,7.0,2.0,79.1635,0.9,39.5816,1.0681,Loitering
0.599,6.0,6.0828,89.8438,0.88,14.7702,0.8479,Loitering
0.7772,6.0,2.0,116.5745,0.8667,58.2869,1.1294,Loitering
0.3605,1.4142,5.3852,54.0711,1.0,10.0407,0.2501,Loitering
0.3016,1.4142,1.0,45.2426,1.0,45.2422,0.2224,Loitering
0.3844,1.4142,0.0,57.6569,1.0,5765685.4249,0.2523,Loitering
0.3883,1.4142,3.1623,58.2426,1.0,18.4179,0.2492,Loitering
0.5512,2.2361,3.0,82.6853,0.9667,27.5617,0.3828,Loitering
0.16,1.0,2.0,24.0,1.0,11.9999,0.1344,Loitering
0.2016,1.4142,0.0,30.2426,1.0,3024264.0687,0.1727,Loitering
0.386,1.4142,1.4142,57.8995,1.0,40.9408,0.2643,Loitering
0.5959,2.0,48.2597,89.3848,0.9933,1.8522,0.3049,Loitering
0.5601,3.0,78.0064,84.0088,0.8867,1.0769,0.5597,Loitering
0.1133,1.0,1.0,17.0,1.0,16.9998,0.1005,Loitering
0.2094,1.4142,1.4142,31.4142,1.0,22.213,0.1695,Loitering
0.191,1.4142,1.0,28.6569,1.0,28.6566,0.1702,Loitering
0.12,1.0,1.4142,18.0,1.0,12.7278,0.1056,Loitering
0.1789,1.4142,1.4142,26.8284,1.0,18.9704,0.1547,Loitering
0.2761,1.4142,0.0,41.4142,1.0,4141421.3562,0.2038,Loitering
0.2322,1.4142,1.4142,34.8284,1.0,24.6272,0.1861,Loitering
0.6918,2.2361,73.8241,103.763,0.98,1.4055,0.3481,Loitering
0.1133,1.0,1.0,17.0,1.0,16.9998,0.1005,Loitering
0.3915,1.4142,1.4142,58.7279,1.0,41.5266,0.2734,Loitering
0.2071,1.4142,0.0,31.0711,1.0,3107106.7812,0.1838,Loitering
0.1989,1.4142,3.0,29.8284,1.0,9.9428,0.1671,Loitering
0.1267,1.0,1.0,19.0,1.0,18.9998,0.1106,Loitering
0.0733,1.0,1.0,11.0,1.0,10.9999,0.068,Loitering
0.9201,3.6056,110.2905,138.0122,0.8933,1.2514,0.5001,Loitering
1.0545,2.2361,23.4094,158.1728,0.8133,6.7568,0.4347,Loitering
0.1828,1.4142,0.0,27.4142,1.0,2741421.3562,0.1533,Loitering
0.1694,1.4142,0.0,25.4142,1.0,2541421.3562,0.1446,Loitering
1.0001,8.0623,86.885,150.008,0.7933,1.7265,1.6066,Loitering
0.3537,3.1623,13.0384,53.0618,0.9733,4.0696,0.3949,Loitering
0.5558,5.099,25.0799,83.3643,0.9667,3.3239,0.5511,Loitering
1.5716,10.0499,27.8029,235.7335,0.72,8.4787,2.7902,Loitering
1.9315,9.2195,89.0056,289.7265,0.5933,3.2551,3.5759,Loitering
0.5575,3.0,18.4391,83.6208,0.9667,4.535,0.3959,Loitering
1.0808,9.8489,105.3613,162.1269,0.8067,1.5388,3.5318,Loitering
1.5046,18.0278,54.1295,225.6973,0.7333,4.1696,6.216,Loitering
1.5295,17.0294,50.774,229.4207,0.6867,4.5185,4.2874,Loitering
0.7335,3.1623,52.811,110.028,0.8867,2.0834,0.5753,Loitering
0.4852,2.2361,3.6056,72.7858,0.98,20.1871,0.3312,Loitering
0.3189,1.4142,3.6056,47.8284,1.0,13.2652,0.225,Loitering
0.4138,1.4142,17.1172,62.0711,1.0,3.6262,0.2621,Loitering
0.2158,2.2361,1.0,32.3651,0.98,32.3647,0.2401,Running
0.3166,1.4142,3.0,47.4853,1.0,15.8284,0.2398,Running
0.331,1.4142,3.1623,49.6569,1.0,15.7028,0.2371,Running
1.6885,11.0454,93.2148,253.2797,0.6333,2.7172,2.6489,Running
0.1255,1.4142,1.4142,18.8284,1.0,13.3136,0.1176,Running
0.0733,1.0,1.0,11.0,1.0,10.9999,0.068,Running
0.1161,1.4142,0.0,17.4142,1.0,1741421.3562,0.1065,Running
0.1671,1.4142,1.4142,25.0711,1.0,17.7278,0.1587,Running
0.0933,1.0,2.0,14.0,1.0,7.0,0.0846,Running
0.2766,1.4142,6.0828,41.4853,1.0,6.8201,0.2235,Running
0.14,1.0,1.0,21.0,1.0,20.9998,0.1204,Running
0.1694,1.4142,1.4142,25.4142,1.0,17.9704,0.1446,Running
0.1455,1.4142,1.0,21.8284,1.0,21.8282,0.1322,Running
1.0976,7.0,6.0828,164.6355,0.7933,27.0659,1.562,Running
0.6642,3.1623,11.0,99.6317,0.9333,9.0574,0.4722,Running
0.6343,10.0,23.7697,95.1525,0.9133,4.0031,1.4309,Running
0.601,4.1231,2.8284,90.145,0.9533,31.871,0.5188,Running
0.6198,4.1231,29.1548,92.9763,0.9,3.1891,0.8291,Running
0.8177,5.0,7.0711,122.657,0.86,17.3463,0.998,Running
0.9419,6.3246,63.5689,141.2814,0.8333,2.2225,1.0795,Running
0.6454,2.8284,16.0,96.8078,0.9333,6.0505,0.4635,Running
0.2283,2.0,0.0,34.2426,0.9933,3424264.0687,0.2012,Running
0.215,1.4142,1.4142,32.2426,1.0,22.7988,0.1805,Running
0.3005,4.0,0.0,45.0711,0.98,4507106.7812,0.363,Running
0.1593,1.4142,1.4142,23.8995,1.0,16.8994,0.1613,Running
1.4354,10.198,166.0181,215.3089,0.76,1.2969,3.3663,Running
1.4665,24.0,72.0347,219.9724,0.8,3.0537,8.5361,Running
0.1428,1.4142,1.4142,21.4142,1.0,15.142,0.1263,Running
0.2161,1.4142,1.0,32.4142,1.0,32.4139,0.1733,Running
1.1076,7.0711,12.53,166.1342,0.8067,13.2589,1.74,Running
0.0722,1.4142,1.4142,10.8284,1.0,7.6568,0.0748,Running
0.1589,1.4142,1.0,23.8284,1.0,23.8282,0.1414,Running
0.698,3.1623,50.0,104.698,0.9333,2.094,0.5261,Running
0.3903,3.0,4.1231,58.5432,0.96,14.1988,0.3743,Running
0.2522,1.4142,1.0,37.8284,1.0,37.828,0.1964,Running
0.18,2.0,1.0,27.0,0.9867,26.9997,0.1743,Running
0.2389,1.4142,1.0,35.8284,1.0,35.8281,0.1896,Running
0.3722,6.0,1.0,55.8284,0.9533,55.8279,0.6548,Running
0.3694,3.0,1.4142,55.4142,0.96,39.1835,0.3435,Running
0.4462,5.099,4.1231,66.9274,0.9533,16.2323,0.4743,Running
0.4122,3.0,1.0,61.8284,0.9667,61.8278,0.3434,Running
0.3393,3.0,5.0,50.8995,0.9933,10.1799,0.2915,Running
0.4154,2.0,22.2036,62.3137,0.9933,2.8065,0.2874,Running
0.4443,3.1623,13.0,66.6476,0.9667,5.1267,0.3959,Running
1.0418,6.3246,1.0,156.2696,0.7667,156.2681,1.9213,Running
1.4306,6.7082,155.5892,214.5908,0.7133,1.3792,1.74,Running
1.1278,5.099,123.0041,169.166,0.7467,1.3753,1.3415,Running
1.364,7.0711,119.2183,204.5987,0.6533,1.7162,1.8262,Running
0.12,2.0,7.0711,18.0,0.9867,2.5456,0.1323,Running
0.3166,2.0,6.0828,47.4853,0.9933,7.8065,0.2531,Running
0.3609,3.0,11.4018,54.1421,0.9933,4.7486,0.3097,Running
0.3774,2.2361,26.4197,56.6143,0.9667,2.1429,0.3509,Running
0.5314,5.0,13.0384,79.7056,0.9067,6.1131,0.771,Running
0.2193,2.2361,5.099,32.8929,0.9933,6.4508,0.2052,Running
0.3338,2.0,3.6056,50.0711,0.9933,13.8872,0.2552,Running
0.0733,1.0,1.0,11.0,1.0,10.9999,0.068,Running
1.4719,8.0623,129.031,220.7848,0.7,1.7111,2.4935,Running
0.5128,2.2361,7.6158,76.9214,0.9733,10.1003,0.377,Running
1.7798,16.4924,69.0507,266.9662,0.62,3.8662,3.3391,Running
0.8333,12.0416,23.5372,125.0023,0.88,5.3108,1.6122,Running
1.2774,11.0454,60.4152,191.6132,0.7533,3.1716,2.6749,Running
1.0601,8.544,7.8102,159.0115,0.8333,20.3593,1.7496,Running
0.4816,4.1231,3.0,72.2428,0.9667,24.0809,0.4547,Running
1.6244,14.2127,145.6194,243.6597,0.6733,1.6733,3.568,Running
1.8024,8.2462,115.9741,270.3546,0.58,2.3312,2.3382,Running
0.8292,5.099,53.7122,124.375,0.8733,2.3156,0.9591,Running
0.4326,5.0,3.1623,64.8902,0.94,20.52,0.5862,Running
2.0729,9.4868,130.545,310.9332,0.5733,2.3818,3.2498,Running
0.4827,7.2111,17.0294,72.4112,0.96,4.2521,0.6736,Running
0.4836,5.0,4.1231,72.5432,0.98,17.5943,0.4394,Running
0.3926,2.2361,10.2956,58.8929,0.98,5.7202,0.2992,Running
0.4303,4.0,15.8114,64.5498,0.9667,4.0825,0.4281,Running
1.5545,9.8489,85.0529,233.1734,0.68,2.7415,3.5436,Running
1.2562,8.544,51.2445,188.4357,0.78,3.6772,3.1685,Running
0.9781,9.0,80.8084,146.7112,0.8333,1.8155,2.8834,Running
0.8405,7.2111,79.511,126.0784,0.86,1.5857,1.8535,Running
2.4048,10.8167,58.9406,360.7248,0.5133,6.1201,5.3768,Running
2.8185,15.0333,115.5249,422.7702,0.4133,3.6596,7.2829,Running
1.1143,6.0828,124.904,167.1442,0.78,1.3382,1.285,Running
0.2733,2.0,4.1231,41.0,0.9933,9.9439,0.212,Running
1.5377,11.4018,82.0061,230.6539,0.68,2.8126,2.2022,Running
1.3327,6.3246,116.9017,199.906,0.7133,1.71,2.2106,Running
0.2322,1.4142,0.0,34.8284,1.0,3482842.7125,0.1861,Running
0.366,1.4142,7.8102,54.8995,1.0,7.0292,0.2594,Running
0.2592,2.2361,10.0499,38.8863,0.9733,3.8693,0.2595,Running
0.2267,2.0,3.1623,34.0,0.9933,10.7517,0.1886,Running
0.0589,1.4142,1.4142,8.8284,1.0,6.2426,0.0632,Running
0.0333,1.0,1.0,5.0,1.0,5.0,0.0322,Running
1.9016,13.0384,149.7531,285.2374,0.62,1.9047,4.784,Running
1.1997,6.0828,72.4431,179.9583,0.74,2.4841,1.5207,Running
0.4668,3.6056,8.6023,70.0198,0.9267,8.1396,0.5288,Running
0.6036,5.3852,39.0,90.5389,0.9,2.3215,0.829,Running
0.464,11.0454,10.0,69.5951,0.9667,6.9595,1.2114,Running
1.2242,5.3852,73.3894,183.6346,0.7667,2.5022,1.6879,Running
0.4354,2.0,5.099,65.3137,0.9867,12.809,0.3037,Running
0.215,1.4142,6.3246,32.2426,1.0,5.098,0.1805,Running
0.6051,6.7082,53.1507,90.7698,0.8933,1.7078,1.1471,Running
0.0961,1.4142,1.0,14.4142,1.0,14.4141,0.0908,Running
0.8612,5.0,20.0998,129.1737,0.8467,6.4266,0.9784,Running
0.5027,4.0,25.0,75.4045,0.9667,3.0162,0.5273,Running
1.1355,9.0554,117.2391,170.3245,0.7933,1.4528,1.7973,Running
0.9039,10.0499,48.0833,135.5794,0.86,2.8197,1.823,Running
1.8936,11.1803,194.4865,284.0471,0.5867,1.4605,3.8874,Running
0.8796,5.0,78.721,131.9366,0.8333,1.676,1.2197,Running
1.2349,10.0499,107.7033,185.233,0.74,1.7198,2.5684,Running
1.0032,13.9284,10.6301,150.4768,0.8533,14.1557,5.0136,Running
0.7541,5.0,62.1289,113.1199,0.8267,1.8207,1.0313,Running
0.2561,1.4142,1.0,38.4142,1.0,38.4138,0.1944,Running
0.3083,5.0,2.0,46.2426,0.96,23.1212,0.425,Running
0.06,1.0,1.0,9.0,1.0,8.9999,0.0564,Running
0.1467,1.0,0.0,22.0,1.0,2200000.0,0.1252,Running
0.0533,1.0,1.4142,8.0,1.0,5.6568,0.0505,Running
0.2249,3.6056,1.0,33.7345,0.9733,33.7342,0.3028,Running
0.4326,3.1623,2.0,64.8836,0.9267,32.4417,0.5596,Running
0.9157,4.4721,29.0172,137.3564,0.8267,4.7336,1.1081,Running
0.6883,3.1623,17.0294,103.246,0.9333,6.0628,0.5396,Running
0.4955,4.1231,15.2643,74.3297,0.9867,4.8695,0.4011,Running
0.3604,3.1623,4.1231,54.0618,0.9933,13.1119,0.3034,Running
0.3864,2.2361,9.8489,57.9574,0.98,5.8847,0.3107,Running
0.2948,3.1623,3.0,44.2175,0.9733,14.7391,0.3464,Running
0.7363,6.0828,4.4721,110.4464,0.9,24.6965,0.8578,Running
0.3993,3.0,2.8284,59.8995,0.9933,21.1776,0.3072,Running
0.4087,4.0,0.0,61.3006,0.9733,6130056.308,0.4463,Running
0.7863,6.0828,31.9531,117.942,0.88,3.6911,0.8151,Running
0.9218,6.0828,4.1231,138.2691,0.84,33.5351,1.0636,Running
0.5248,3.0,3.0,78.7213,0.9467,26.2404,0.4379,Running
0.2733,1.0,1.0,41.0,1.0,40.9996,0.1986,Running
0.6356,2.8284,6.7082,95.3356,0.9533,14.2118,0.416,Running
0.6585,9.0,42.0119,98.7811,0.8933,2.3513,1.2797,Running
0.6435,5.0,7.0711,96.524,0.88,13.6505,0.8926,Running
0.2294,1.4142,1.0,34.4142,1.0,34.4139,0.1807,Running
1.0192,4.1231,4.0,152.8834,0.82,38.2208,0.8945,Running
0.817,4.1231,24.3311,122.5434,0.8467,5.0365,0.7459,Running
0.5082,4.0,5.0,76.2268,0.92,15.2453,0.5484,Running
1.0048,4.0,17.4642,150.7253,0.7867,8.6305,0.997,Running
0.5483,6.0828,5.099,82.2463,0.9267,16.1298,0.886,Running
0.5009,3.0,8.2462,75.1356,0.9333,9.1115,0.5491,Running
0.295,2.0,4.2426,44.2426,0.9867,10.4281,0.2463,Running
1.1206,6.0,36.4005,168.0881,0.7667,4.6177,1.6843,Running
0.262,2.8284,9.2195,39.3071,0.98,4.2635,0.2713,Running
0.1655,1.4142,1.4142,24.8284,1.0,17.5562,0.1459,Running
0.8088,7.0711,60.4152,121.3186,0.8333,2.0081,1.3992,Running
0.1922,1.4142,1.4142,28.8284,1.0,20.3846,0.1631,Running
0.4306,10.0499,4.1231,64.5872,0.9667,15.6647,1.3946,Running
0.1828,1.4142,3.1623,27.4142,1.0,8.6691,0.1533,Running
0.1828,1.4142,5.099,27.4142,1.0,5.3764,0.1533,Running
0.4389,9.0,2.2361,65.8284,0.96,29.4392,1.8141,Running
0.302,3.0,7.0,45.3071,0.9733,6.4724,0.3154,Running
0.2483,1.4142,1.0,37.2426,1.0,37.2423,0.1984,Running
0.5598,3.0,10.4403,83.9706,0.94,8.0429,0.4666,Running
0.14,1.0,1.0,21.0,1.0,20.9998,0.1204,Running
0.3382,1.4142,1.4142,50.7279,1.0,35.8698,0.259,Running
1.5207,15.5242,14.3178,228.0978,0.7133,15.931,4.681,Running
2.8539,10.0499,143.0035,428.0832,0.42,2.9935,6.2687,Running
0.3086,3.1623,9.434,46.2913,0.9733,4.9069,0.3248,Running
0.1,1.0,2.2361,15.0,1.0,6.7082,0.09,Running
0.5115,3.0,6.0828,76.7213,0.98,12.6129,0.3451,Running
1.2538,7.0,16.0,188.0727,0.7467,11.7545,1.5479,Running
1.1347,5.0,82.6378,170.2112,0.74,2.0597,1.2124,Running
1.1887,16.0,51.0,178.3083,0.82,3.4962,3.0469,Running
1.6502,9.4868,25.4951,247.5241,0.5933,9.7087,2.5703,Running
1.4526,6.0828,38.0132,217.8853,0.6467,5.7318,1.47,Running
1.3952,13.3417,67.1193,209.2739,0.7333,3.1179,2.7402,Running
0.8122,5.099,57.5587,121.8357,0.82,2.1167,0.8136,Running
0.258,4.4721,13.0,38.6989,0.98,2.9768,0.3668,Running
0.3133,7.0,27.0,47.0,0.94,1.7407,1.2952,Running
2.2485,11.0,51.6236,337.2695,0.5267,6.5332,4.2311,Running
1.9769,13.0384,42.0119,296.5281,0.5667,7.0582,3.9254,Running
1.8165,11.1803,4.4721,272.478,0.58,60.9278,3.2069,Running
1.1633,6.7082,4.4721,174.4959,0.8,39.0184,1.3934,Running
1.2129,8.0623,57.4282,181.9285,0.7333,3.1679,1.9956,Running
0.3777,5.0,5.099,56.6503,0.98,11.11,0.4307,Running
0.499,2.2361,32.0156,74.8503,0.9667,2.3379,0.371,Running
1.4549,9.2195,91.9239,218.2327,0.6867,2.3741,1.6166,Running
0.9589,6.0828,63.0635,143.8372,0.84,2.2808,0.9538,Running
0.3127,2.0,16.4012,46.8995,0.9867,2.8595,0.2689,Running
0.3703,2.2361,14.2127,55.5432,0.9733,3.908,0.3162,Running
0.4326,2.2361,7.2111,64.8929,0.9867,8.999,0.2928,Running
0.2754,1.4142,0.0,41.3137,1.0,4131370.8499,0.2308,Running
0.2671,2.0,10.4403,40.0711,0.9867,3.8381,0.242,Running
0.2177,2.2361,0.0,32.6503,0.9867,3265028.154,0.206,Running
0.0867,2.0,3.0,13.0,0.9933,4.3333,0.0925,Running
0.04,1.0,0.0,6.0,1.0,600000.0,0.0384,Running
0.0761,1.4142,0.0,11.4142,1.0,1141421.3562,0.0742,Running
0.7177,11.0,5.3852,107.6559,0.9133,19.9912,2.9716,Running
1.053,5.099,42.4382,157.9465,0.7933,3.7218,1.0446,Running
0.9283,4.2426,85.3815,139.2434,0.8067,1.6308,0.8449,Running
0.1667,1.0,4.1231,25.0,1.0,6.0634,0.1389,Running
0.0867,1.0,1.0,13.0,1.0,12.9999,0.0792,Running
0.08,1.0,0.0,12.0,1.0,1200000.0,0.0736,Running
0.2683,1.4142,3.1623,40.2426,1.0,12.7258,0.208,Running
0.2589,2.0,0.0,38.8284,0.9933,3882842.7125,0.213,Running
0.2781,2.2361,13.3417,41.7082,0.9667,3.1262,0.2827,Running
0.824,7.0,55.0,123.5925,0.8733,2.2471,1.8211,Running
0.3844,2.0,1.4142,57.6569,0.9933,40.7693,0.2656,Running
0.4797,2.2361,18.6815,71.9574,0.96,3.8518,0.3632,Running
1.1961,10.0499,123.9072,179.413,0.7933,1.448,3.3227,Running
0.4319,3.0,17.8885,64.7924,0.96,3.622,0.4134,Running
0.7406,5.831,33.6006,111.0928,0.9,3.3063,0.8448,Running
0.5768,10.4403,18.4391,86.5267,0.9267,4.6926,1.1206,Running
0.4025,2.2361,4.1231,60.3782,0.9867,14.6438,0.3113,Running
1.0968,9.0554,21.095,164.5193,0.8,7.799,1.6437,Running
0.6947,4.1231,7.0711,104.2095,0.8933,14.7374,0.864,Running
0.7404,4.4721,8.0623,111.0636,0.92,13.7757,0.6984,Running
1.1757,9.4868,8.6023,176.3593,0.7733,20.5013,2.431,Running
0.6986,4.1231,7.0711,104.7953,0.9133,14.8203,0.7386,Running
1.1505,9.0,98.387,172.5794,0.8,1.7541,2.1696,Running
1.2741,9.2195,72.9932,191.1152,0.8,2.6183,3.5367,Running
0.2405,1.4142,12.0416,36.0711,1.0,2.9955,0.2022,Running
0.1255,1.4142,1.4142,18.8284,1.0,13.3136,0.1176,Running
1.0667,8.0623,43.4166,159.9993,0.8667,3.6852,2.0022,Running
1.0976,11.1803,3.6056,164.6432,0.7267,45.6637,2.3219,Running
0.3377,2.0,9.2195,50.6569,0.9867,5.4945,0.266,Running
0.1866,3.1623,13.3417,27.9907,0.9733,2.098,0.2452,Running
0.7763,3.0,16.4924,116.4493,0.9067,7.0608,0.4773,Running
1.664,8.0,87.9659,249.593,0.6267,2.8374,2.9513,Running
0.8428,7.8102,11.0454,126.4184,0.8067,11.4454,1.5964,Running
1.2032,7.0711,35.0571,180.4796,0.7867,5.1482,1.519,Running
1.2736,7.8102,57.0789,191.0452,0.74,3.347,1.5379,Running
1.1736,6.4031,49.0408,176.0449,0.76,3.5898,1.6959,Running
0.8253,4.4721,15.0333,123.7919,0.8467,8.2345,0.7722,Running
0.9038,8.0,25.02,135.5719,0.8667,5.4185,1.3165,Running
1.214,11.0,11.1803,182.103,0.76,16.2878,2.3728,Running
0.8028,5.099,15.5242,120.4215,0.8667,7.757,0.8422,Running
0.5828,4.1231,65.7647,87.4182,0.94,1.3293,0.6404,Running
0.4307,4.2426,44.7214,64.605,0.92,1.4446,0.6012,Running
1.2965,8.0623,66.8431,194.4764,0.7467,2.9094,2.1324,Running
0.7329,3.1623,2.2361,109.9295,0.92,49.1618,0.5629,Suspicious Lingering
1.6022,11.0454,71.3442,240.3238,0.6667,3.3685,2.6864,Suspicious Lingering
1.9794,11.1803,174.5423,296.9097,0.5333,1.7011,2.9287,Suspicious Lingering
0.8379,4.1231,10.6301,125.6823,0.84,11.8232,0.7713,Suspicious Lingering
0.5671,3.1623,5.099,85.0618,0.9667,16.682,0.4251,Suspicious Lingering
0.9255,7.0711,67.3573,138.8274,0.84,2.0611,1.5368,Suspicious Lingering
0.757,11.0,71.7008,113.5434,0.88,1.5836,1.967,Suspicious Lingering
1.8787,11.1803,49.0408,281.8024,0.6667,5.7463,5.8906,Suspicious Lingering
0.6137,3.1623,5.3852,92.0618,0.9,17.0954,0.63,Suspicious Lingering
1.6678,14.0,36.7967,250.1682,0.6933,6.7986,5.1385,Suspicious Lingering
0.8193,6.3246,76.3217,122.8909,0.8733,1.6102,1.0955,Suspicious Lingering
0.0333,1.0,3.0,5.0,1.0,1.6667,0.0322,Suspicious Lingering
0.1494,1.4142,1.0,22.4142,1.0,22.414,0.131,Suspicious Lingering
1.1562,7.0711,97.6166,173.4227,0.78,1.7766,1.75,Suspicious Lingering
0.8341,11.0454,8.9443,125.1198,0.9133,13.9888,1.9176,Suspicious Lingering
1.0278,9.0554,15.2971,154.1634,0.8533,10.078,2.3304,Suspicious Lingering
0.5947,8.0,12.1655,89.2001,0.94,7.3322,0.953,Suspicious Lingering
0.2809,2.2361,7.8102,42.1356,0.9733,5.3949,0.2878,Suspicious Lingering
0.7755,6.0828,22.2036,116.3195,0.8467,5.2388,1.2853,Suspicious Lingering
2.0829,9.0554,17.1172,312.4278,0.5,18.2522,2.8951,Suspicious Lingering
0.2575,3.6056,7.2111,38.6209,0.96,5.3557,0.3604,Suspicious Lingering
1.4441,4.0,166.4332,216.6215,0.6133,1.3016,1.0078,Suspicious Lingering
0.8703,5.099,34.8281,130.5523,0.8,3.7485,1.1692,Suspicious Lingering
1.5165,10.0499,109.1146,227.4805,0.7067,2.0848,2.7934,Suspicious Lingering
0.506,2.0,11.6619,75.8995,0.9667,6.5083,0.344,Suspicious Lingering
0.4852,2.2361,7.2801,72.7858,0.9733,9.9979,0.3445,Suspicious Lingering
0.589,3.1623,23.0217,88.353,0.9133,3.8378,0.5597,Suspicious Lingering
0.5975,5.099,2.2361,89.6236,0.94,40.0807,0.6497,Suspicious Lingering
1.1972,19.6469,33.2415,179.5868,0.7667,5.4025,3.7333,Suspicious Lingering
0.3805,2.0,7.2111,57.0711,0.9733,7.9143,0.3086,Suspicious Lingering
0.267,19.6977,9.2195,40.051,0.98,4.3441,4.5087,Suspicious Lingering
0.285,22.0,10.2956,42.7559,0.9867,4.1528,4.3854,Suspicious Lingering
0.2729,16.1555,10.8167,40.9414,0.9667,3.785,2.5188,Suspicious Lingering
1.0119,7.0711,7.8102,151.7828,0.8133,19.4338,1.0894,Suspicious Lingering
1.8397,13.1529,32.28,275.9515,0.54,8.5487,3.1889,Suspicious Lingering
1.7253,6.7082,12.2066,258.7929,0.5733,21.2011,1.7501,Suspicious Lingering
1.2601,7.8102,21.9545,189.0156,0.7667,8.6094,1.6655,Suspicious Lingering
0.409,3.1623,25.4558,61.3558,0.9267,2.4103,0.486,Suspicious Lingering
0.1267,2.0,7.0,19.0,0.9933,2.7143,0.124,Suspicious Lingering
0.4921,8.0,12.083,73.8137,0.9333,6.1089,1.1312,Suspicious Lingering
1.9096,7.8102,93.3809,286.4412,0.64,3.0674,3.7801,Suspicious Lingering
1.4519,10.0,32.7567,217.7896,0.7333,6.6487,3.2719,Suspicious Lingering
1.0401,6.3246,7.2111,156.0095,0.8133,21.6346,1.0116,Suspicious Lingering
0.6698,5.099,24.5153,100.4707,0.8667,4.0983,0.7714,Suspicious Lingering
1.3869,6.3246,20.025,208.0384,0.7267,10.3889,1.6298,Suspicious Lingering
0.9008,6.0828,6.0828,135.123,0.8333,22.214,1.2619,Suspicious Lingering
1.216,20.025,23.8537,182.3961,0.86,7.6464,6.4081,Suspicious Lingering
0.4526,3.0,6.7082,67.8929,0.98,10.1209,0.3351,Suspicious Lingering
1.3954,7.0,23.2594,209.3131,0.7267,8.9991,1.6328,Suspicious Lingering
1.2245,14.0357,25.0799,183.6737,0.7867,7.3235,4.6806,Suspicious Lingering
2.096,13.0384,1.4142,314.3983,0.6,222.3116,5.6735,Suspicious Lingering
0.5821,4.0,1.4142,87.3137,0.94,61.7397,0.5278,Suspicious Lingering
1.5395,10.0,22.6274,230.9299,0.7,10.2058,3.9898,Suspicious Lingering
1.6725,18.0,118.2074,250.8687,0.7467,2.1223,8.7029,Suspicious Lingering
0.3805,4.4721,5.0,57.0705,0.9467,11.4141,0.5419,Suspicious Lingering
0.9859,8.544,1.0,147.8808,0.84,147.8793,2.1547,Suspicious Lingering
1.3177,9.0,36.4005,197.6596,0.76,5.4301,2.1236,Suspicious Lingering
1.001,4.0,98.0051,150.1494,0.8333,1.5321,0.8447,Suspicious Lingering
0.1823,5.099,12.8062,27.3417,0.9933,2.135,0.3001,Suspicious Lingering
0.3749,3.1623,1.4142,56.2333,0.9933,39.7627,0.2995,Suspicious Lingering
0.6556,4.1231,15.2315,98.3385,0.92,6.4562,0.5569,Suspicious Lingering
0.5084,3.0,2.0,76.258,0.94,38.1288,0.4482,Suspicious Lingering
0.2533,1.0,5.099,38.0,1.0,7.4524,0.1892,Suspicious Lingering
0.3954,1.4142,12.8062,59.3137,1.0,4.6316,0.2703,Suspicious Lingering
0.4919,2.2361,2.2361,73.7924,0.9867,33.0008,0.3247,Suspicious Lingering
0.3802,3.0,5.0,57.0285,0.9667,11.4057,0.3821,Suspicious Lingering
1.525,11.0,149.0537,228.7478,0.7533,1.5347,3.8544,Suspicious Lingering
0.8644,5.0,36.0555,129.6565,0.8333,3.596,0.9595,Suspicious Lingering
1.4863,8.2462,80.025,222.9394,0.7267,2.7859,3.0577,Suspicious Lingering
0.5439,3.1623,6.4031,81.5918,0.94,12.7425,0.4975,Suspicious Lingering
0.4848,3.0,1.0,72.7213,0.9667,72.7206,0.3716,Suspicious Lingering
0.6343,5.099,35.9026,95.1445,0.9467,2.6501,0.6177,Suspicious Lingering
0.5943,8.0,69.0507,89.1402,0.8533,1.2909,1.2735,Suspicious Lingering
0.286,2.2361,4.2426,42.8929,0.9933,10.1099,0.2382,Suspicious Lingering
0.3432,2.0,4.1231,51.4853,0.9933,12.487,0.2622,Suspicious Lingering
0.5621,4.1231,19.105,84.3166,0.9467,4.4133,0.4907,Suspicious Lingering
0.9959,6.0828,45.2217,149.39,0.82,3.3035,1.6015,Suspicious Lingering
2.0591,15.0333,10.4403,308.8666,0.6333,29.584,5.5934,Suspicious Lingering
0.7657,12.0,28.6007,114.8622,0.8867,4.0161,2.2936,Suspicious Lingering
